:020000040800F2
:1000000030A50020450100084939000869010008B1
:1000100045390008DD030008A55A0008000000006B
:10002000000000000000000000000000D1400008B7
:100030001104000800000000513900085D010008AB
:100040005F0100085F0100085F0100085F01000810
:100050005F0100085F0100085F0100085F01000800
:100060005F0100085F0100085F0100085F010008F0
:100070005F010008E10300085F0100085F0100085C
:10008000F9030008050400085F0100085F0100088B
:100090002D5A00085F0100085F0100085F01000899
:1000A0005F0100085F0100085F0100085F010008B0
:1000B0005F0100085F0100085F0100085F010008A0
:1000C0005F0100085F0100085F0100085F01000890
:1000D0005F0100085F0100085F0100089946000801
:1000E0005F0100085F0100085F0100085F01000870
:1000F000D54400085F0100085F0100085F010008A7
:100100005F0100085F0100085F0100085F0100084F
:100110005F0100085F0100085F0100085F0100083F
:100120005F0100085F0100085F0100085F0100082F
:10013000DFF80CD000F094F800480047056600088E
:1001400030A500200648804706480047FEE7FEE746
:10015000FEE7FEE7FEE7FEE7FEE7FEE7FEE7FEE777
:10016000D1440008310100087046694605F0A2FD3F
:10017000FFF7FEFF40EA01039B0703D009E008C92F
:10018000121F08C0042AFAD203E011F8013B00F85C
:10019000013B521EF9D27047D2B201E000F8012BA8
:1001A000491EFBD270470022F6E710B513460A46F7
:1001B00004461946FFF7F0FF204610BD10B504466F
:1001C00004E00B7800F8013B03B1491C521EF8D241
:1001D000204610BD421C10F8011B0029FBD1801ADB
:1001E000704710B5002200E0521C835C8C5CA34277
:1001F00001D1002BF8D1D8B2E1B2401A10BD2DE9DF
:10020000F05F0546002092469B468846064681469A
:1002100040241BE0284641464746224600F041F86C
:1002200053465A46C01A914110D3114618462246E9
:1002300000F028F82D1A67EB01084F4622460120EE
:10024000002100F01FF817EB00094E41201EA4F119
:100250000104DFDC484631462A464346BDE8F09FAC
:10026000064C074D06E0E06840F0010394E8070003
:1002700098471034AC42F6D3FFF75EFF488F000872
:10028000688F0008202A04DB203A00FA02F10020DF
:1002900070479140C2F1200320FA03F319439040C4
:1002A0007047202A04DB203A21FA02F0002170472F
:1002B00021FA02F3D040C2F12002914008431946CE
:1002C000704770B58C1810F8015B15F0070301D169
:1002D00010F8013B2A1106D110F8012B03E010F8A9
:1002E000016B01F8016B5B1EF9D12B0705D40023CC
:1002F000521E0DD401F8013BFAE710F8013BCB1A6E
:10030000921C03E013F8015B01F8015B521EF9D562
:10031000A142D8D3002070BD014645F68430C2F218
:10032000000001F0ADBF000080B545F68430C2F298
:10033000000001F0B7FF043818BF012080BD0000A5
:1003400010B500F01BF801281CBF012010BD45F6B8
:100350008430C2F2000001F0BFFF044608B120461D
:1003600010BD45F68430C2F200004FF4006101F088
:1003700041FE002818BF0124204610BD81B0012095
:100380008DF803009DF8030001B0704780B582B07E
:100390009C4613460A46014645F68430C2F20000E8
:1003A000CDF800C002F00EF9002818BF012002B0FD
:1003B00080BD000080B582B09C4613460A460146C7
:1003C00045F68430C2F20000CDF800C002F0ECF92E
:1003D000002818BF012002B080BD0000FEE7000029
:1003E00080B506F0EDF845F2E070C2F20000BDE81D
:1003F000804000F05FB9000045F62400C2F2000022
:1004000000F058B945F66800C2F2000000F052B999
:100410007047000080B500F03BF800F017F800F0DE
:100420004DF800F067F848F6C921C0F6000103A0B6
:100430000A46BDE8804005F01DBF00BF6D696E69CA
:100440005F636F6E74726F6C0000000080B540F2E5
:100450003C00C2F2000005F097FF40F21400C2F227
:10046000000005F091FF40F29C00C2F2000005F090
:100470008BFF40F25C00C2F2000005F085FF40F205
:100480007C00C2F20000BDE8804005F07DBF0000A6
:1004900080B540F2BC00C2F2000005F0ADFF40F2B2
:1004A000E450C2F2000005F0A7FF40F60C30C2F2A3
:1004B0000000BDE8804005F09FBF000080B548F215
:1004C000004048F20001C2F20000C2F20001012225
:1004D0004FF4806306F064FE45F6F04047F60041B5
:1004E000C2F20000C2F200014FF48062BDE8804019
:1004F00002F01ABC70470000EFF3108072B600BF24
:10050000FEE7000080B545F2B073C2F200035A7AEC
:10051000012A84BF012080BD93F809C086460020CF
:1005200003F80C005A7A03EB8202C2F804E05A7A0C
:100530001A44107293F809C00CF101025A720CF1BE
:1005400030020A7042F63A72A1F80120C87080BDEC
:10055000014690F82100022813D10868D1E90FC3A1
:10056000026822F00E020260026822F001020260BC
:10057000012000FA03F2CCF8042081F821000020C9
:1005800002E0042088630120002281F820207047C7
:1005900080B590F82110022927D1026840F2040C9E
:1005A0001368C4F2020C23F00E03136013680CF1FD
:1005B0007C018A4223F0010111601AD940F20841FE
:1005C000C4F202018A4247D040F21C41C4F2020147
:1005D0008A4245D040F23041C4F202018A4243D1FE
:1005E0004FF48073CCF8003457E00421816301207C
:1005F00080BD4321C4F202018A420EDD6B21C4F2A8
:1006000002018A421BDC4421C4F202018A4239D031
:100610005821C4F202018A4231E00821C4F20201E9
:100620008A4232D01C21C4F202018A4232D03021E7
:10063000C4F202018A4222D14FF480722BE06C2175
:10064000C4F202018A4222D08021C4F202018A420D
:1006500015D14FF080721EE00123CCF800341CE06D
:100660001023CCF8003418E00CF588614FF4803387
:100670008A4208BF4FF48053CCF800340DE04FF4A9
:10068000803208E04FF4805205E0012203E04FF48D
:10069000801200E01022CCF80020012180F8211007
:1006A000426B002180F820100AB1904700210846D3
:1006B00080BD000010B5D0E90FE3D0F800C0DEF82F
:1006C0000020DCF80010DA4054072DD511F00404A6
:1006D0002AD0DCF80010890605D4DCF8001021F0DF
:1006E0000401CCF800100422C4F2020202F17C01E1
:1006F0008C454CD940F20841C4F202018C4500F00F
:10070000AB8040F21C41C4F202018C4500F0A8808D
:1007100040F23041C4F202018C4540F0A5804FF414
:100720008061C2F80014ECE0940745D511F0020492
:1007300042D0DCF80010890608D4DCF8001021F063
:100740000A01CCF80010012180F821100422C4F223
:10075000020202F17C018C454BD940F20841C4F2FF
:1007600002018C4500F0AD8040F21C41C4F2020150
:100770008C4500F0AA8040F23041C4F202018C4561
:1007800040F0A7804FF40071C2F80014C8E0432184
:10079000C4F202018C4540DD6B21C4F202018C459C
:1007A0004DDC4421C4F202018C4500F09D805821AB
:1007B000C4F202018C4562E0120740F1B78011F0EB
:1007C000080108BF10BDDCF8001021F00E01CCF8C4
:1007D0000010012101FA03F2CEF80420816380F8B1
:1007E0002110016B0022002980F8202040F08B802E
:1007F0009CE04321C4F202018C4543DD6B21C4F22D
:1008000002018C4550DC4421C4F202018C457DD0AC
:100810005821C4F202018C456EE00821C4F20201A5
:100820008C4564D01C21C4F202018C4567D0302174
:10083000C4F202018C4522D14FF4806160E06C214A
:10084000C4F202018C4554D08021C4F202018C45CF
:1008500015D14FF0806153E00421C2F8001450E03C
:100860004021C2F800144CE002F588634FF4802167
:100870009C4508BF4FF48041C2F8001441E04FF49A
:1008800080213DE00821C4F202018C4541D01C21A9
:10089000C4F202018C4541D03021C4F202018C45E2
:1008A0002AD14FF400713AE06C21C4F202018C4568
:1008B00031D08021C4F202018C451DD14FF000716E
:1008C0002DE00221C2F800142AE02021C2F8001411
:1008D00026E002F588634FF400319C4508BF4FF4D1
:1008E0000051C2F800141BE04FF4804108E00421DD
:1008F00006E04FF4800103E04FF400310FE04021A7
:100900001160C16A91B1BDE8104008474FF4005131
:1009100005E0022103E04FF4001100E02021116006
:10092000816A0022002980F82020ECD110BD00004F
:10093000014600284FF0010008BF70472DE9F0473D
:1009400040F2000CC4F2020C0A684FF6F8330CF5C2
:10095000816ECBF6FD73724538BF03F5806303EB00
:10096000020E4CF6CD43CCF6CC43AEFB033E6FF00B
:1009700003060CF5806506EA9E06D1E901A9D1F8C7
:100980000C803CBF0025C4F20205C1E90F560226C7
:1009900081F82160166843F6F075AE4346EA0A0610
:1009A000D1E9045746EA090646EA0806D1E90643B2
:1009B0002E43374327433B43136000228A6381F869
:1009C000210081F820200020BDE8F047704700009A
:1009D000B0B5044600F00EF9054641F23200C2F20D
:1009E00000000078611C18BF044400BF00F002F949
:1009F000401BA042FAD3B0BD2DE9F04F82B00E6883
:100A0000002E00F0E880A0F1804241F60045A2F5FA
:100A10008432C4F2010506244FEAB227A84208BF77
:100A2000052440F2004E052F38BF4FEAB224C4F22D
:100A3000010E009400244FF001080F234FF0000A2C
:100A40004FF0000B09E000BF0E680AF1010A36FA08
:100A50000AF204F1040400F0BE8008FA0AFC16EA67
:100A60000C09F1D04E684FF6FF72C1F210029642A7
:100A700010DC122E50D8DFE806F0330A41454F4F04
:100A80004F4F4F4F4F4F4F4F4F4F4F484C00D1F8A4
:100A90000CB041E04FF6FF72C1F2210296420FDC2A
:100AA0000022C1F2110296421AD00022C1F21202B3
:100AB000964215D00022C1F22102964210D02BE0BE
:100AC0000022C1F2220296420AD00022C1F2310273
:100AD000964205D00022C1F2320296421CD100BFDC
:100AE0008A6842B1012A14BFC0F814C0C0F810C00F
:100AF0004FF0080B10E04FF0040B0DE0CA6802F154
:100B0000080B09E04FF0000B06E0CA6802F1040B85
:100B100002E0CA6802F10C0B22460646B9F5807F56
:100B200024BF203A0436376803FA02F5AF430BFAC4
:100B300002F23A433260CA79D2067FF585AF41F2BC
:100B40001807C4F202073A684FF6084342F0010260
:100B50003A603A68CFF6FF7302F001020192019AFF
:100B60002AF0030272440F25D75804F00C06B54052
:100B7000AF43009D05FA06F63743D7504E6840F262
:100B80000C45F202DEF8082054BF22EA090242EACC
:100B90000902CEF80820C4F201052A68B70254BF42
:100BA00022EA090242EA09022A60DEF80420B703B9
:100BB00054BF22EA090242EA0902CEF804200F23B8
:100BC000DEF80020F70354BF22EA090242EA0902D4
:100BD000CEF8002038E702B0BDE8F08F806808400A
:100BE00018BF012070470000002A08BF09040161F6
:100BF0007047000048F21440C2F2000000687047DD
:100C000041F2320048F21441C2F20000C2F2000187
:100C100000780A68104408607047000080B542F20E
:100C20000000C4F20200016841F0100101600320DD
:100C300000F0BEF80F2000F005F800F055F8002095
:100C400080BD0000B0B586B041F21801C4F20201C7
:100C50000A68044642F400520A60096801A801F4D7
:100C6000005101910199694600F0E2FF01F016F888
:100C70004DF68361C4F21B31A0FB01014FF0FF3040
:100C800000EB914145F6604043F20042C2F20000A1
:100C9000C4F2010240F2E7330025C0E90021C0E9B7
:100CA00002530561856101F013FF0546C0B945F6A1
:100CB0006040C2F2000001F03BFF054680B92C20E5
:100CC00000F03AF80F2C0AD82C202146002200F020
:100CD00043F841F23400C2F20000046000E0012554
:100CE000284606B0B0BD000080B582B041F21800C1
:100CF000C4F202000168002241F0010101600168B4
:100D000001F0010101910199416841F08051416078
:100D100040680F2100F08050009000986FF00100B3
:100D200000F01AF80420C4F201000168022262F304
:100D30001A61016002B080BD002848BF704700F012
:100D40001F01012202FA01F14EF200124009CEF217
:100D5000000242F82010704710B54EF60C5CCEF23F
:100D6000000CDCF80030C3F3022E8EF00704042CD4
:100D700028BF0424BEF103034FF0FF3E0EFA04F433
:100D800038BF0023A14399400EFA03F39A4311435D
:100D900000F1604200F00F03090102F56442043BD8
:100DA0006344002848BF03F10C02117010BD00001D
:100DB0004EF60C51CEF200010A684FF6FF031A40BE
:100DC00060F30A2242F0806040F0FD7008607047D6
:100DD00001EB8102D0F8D43200EBC200426A18461F
:100DE00003F0B0BC01EB8102D0F8D43200EBC200BA
:100DF000D0F86421184603F007BD0000B0B50446E2
:100E0000007901F00F02824284BF0120B0BD48B2D8
:100E1000B0F1FF3F01F0070000EB800104EBC102DD
:100E200005DD02F5A871002382F8513103E00123AA
:100E300002F11001537494F890220025012A8D705C
:100E4000087004BF0220B0BD2068012284F89022FF
:100E500004F0DEF9284684F89052B0BD70B506461D
:100E600048B2B0F1FF3F01F0070000EB800107DD61
:100E700006EBC10404F5A871002584F8515106E081
:100E800006EBC10C01240CF110018CF81140087024
:100E90000A61022BCB7004BF0020087196F8900203
:100EA000012804BF022070BD3068012286F890221C
:100EB00004F096F8002086F8900270BD10B501F09D
:100EC000070C0CEB8C0100EBC10E00680EF5A8714D
:100ED0000024CEF86421CEF86831CEF86C418EF84B
:100EE00051418EF850C104F0EBF9002010BD000014
:100EF000B0B50446007901F00705854284BF0120A2
:100F0000B0BD48B2B0F1FF3F09DD01EB810004EB59
:100F1000C00000F5A871002280F8512107E005EB20
:100F2000850004EBC000012200F11001427494F826
:100F30009002012201288A700D7004BF0220B0BD0A
:100F4000206884F8902204F0A1F925B9206804F5FE
:100F5000267104F05BF9002084F89002B0BD000017
:100F600080B501F0070C0CEB8C0100EBC10101F81E
:100F700010CF00684FF0010C01F1140781F824C074
:100F80004FF0000E87E80C400B6281F801C004F0BE
:100F900097F9002080BD00002DE9F04F85B0044690
:100FA000006804F049FD01041CD4410500F1FB83F5
:100FB000410400F10984810400F11A84C10400F1A4
:100FC0001D84010500F13484810500F17884C00599
:100FD00040F1F7832068B0F8441021F48071A0F844
:100FE0004410EEE32068B0F94410B1F1FF3F00F384
:100FF000E88304F5267140F60F76009121E0B0F801
:10100000501094F8502101EBC20100EB4101B1F8FE
:101010000C34B4F8562100996FF39F23C4F86C3157
:1010200004F00EFD206801883140803101802046A7
:1010300000F080FC2068B0F94410B1F1FF3F00F3EC
:10104000C083B0F8442012F00F090DD030F92910F8
:101050004FEA490AB1F1FF3F1FFA81F82EDD5FEA3E
:101060000860E7D555E100BF0188D20669D4314058
:1010700001F500410180B0F85010227C01EBC20163
:1010800000EB4100B0F80404616A6FF39F20E06256
:101090000844606220460021FFF79AFE607B00282A
:1010A000C8D0A06A0028C5D1607B216840F08000CC
:1010B000C0B2A1F84C0000206073BBE730F81A10F2
:1010C00040F60F7C3140803120F81A1009EB89017D
:1010D00004EBC10B9BF85C110BF5A876002900F01E
:1010E00083809BF85311022940F09080B0F8502083
:1010F0003178DBF8683102EBC1075FEA48420BF553
:10110000B47200EB470700F19B80B7F80C74002520
:101110006FF39F27DB1B38BF2B46136040F2A5807F
:101120005FEA486200F1B18030F8212048F2C00344
:1011300002EA0C021A4320F82120002F40F0A6807A
:10114000C9E00A053FF55BAF09B2B1F1FF3F3FF7D8
:1011500071AF0188314080310180B0F8501094F8AF
:10116000502101EBC20100EB4101B1F80C346FF3E7
:101170009F23C4F86C318BB1D4F8641171B1B4F809
:10118000562104F05DFCD4F86401D4F86C110844D5
:10119000C4F8640120460021FFF724FE206801887E
:1011A0000A053FF547AF01F44051B1F5405F3FF408
:1011B00041AFB0F8501000F20C42535A6FF39F2326
:1011C0005352D4F860313F2BC0F0E081DE068E5AD6
:1011D0004FEA53174FF0FF3508BF05EB531746EAA8
:1011E000872340F60F7665E2B0F85010327801EBB5
:1011F000C20100EB4101B1F80C746FF39F27002F7F
:1012000069D0DBF86411BBF8562161E0317848F20F
:10121000C00330F8212002EA0C021A4320F82120F2
:1012200030F82120B0F85030520403EBC10100EB3C
:10123000410114D4B1F80C746FF39F2737BB4AE017
:10124000B7F8047400256FF39F27DB1B38BF2B46CC
:10125000136020D95FEA48622CD4AFBB3BE0B1F801
:1012600004746FF39F277FBB35E030F8212043F6ED
:101270000F731A404CF28003A3F500535A4020F834
:1012800021205FEA48627FF54FAF27B3DBF8641196
:10129000BBF85A211CE030F8212043F60F731A40A6
:1012A0004CF28003A3F500535A4020F821205FEA56
:1012B0004862D2D530F8212048F2C00302EA0C027D
:1012C0001A4320F8212037B1DBF86411BBF858210C
:1012D0003B4604F0B5FBDBF86C11DBE959023944FD
:1012E0003844CBF86C11CBF864011AB1DBF860011B
:1012F000B84204D931782046FFF774FD03E0206836
:10130000314603F0DDFF40F60F765FEA08607FF5B7
:1013100091AE206809EB890130F81A2004EBC10373
:1013200002EA060101F5004120F81A10D97C03F108
:10133000100B012923D1197F00294FF00001996278
:1013400000F01E815FEA486100F18580597C012927
:1013500000F00181002940F01381B0F850109BF893
:101360000020084400EB0210B0F80C146FF39F212A
:10137000A0F80C14B0F80C1441F40041F3E05FEA5B
:10138000C8511DD4B0F850209BF800109F6A02EBA2
:10139000C10200EB4202B2F8042400256FF39F2241
:1013A000BF1A38BF2F469F6240F2EC80596ADF6A4D
:1013B00011445962B918D962594603F081FF39E6E0
:1013C000B0F850709BF800101A4652F8285F40F6AB
:1013D0000F7C5FEA486607EBC10755D400F20C4961
:1013E00039F817706FF39F27EE1B4FF0000538BFD9
:1013F0002E46166040F285805FEA484208D430F8F5
:1014000021204CF2800602EA0C02324320F821200F
:101410001D4615F8342F40F60F76012A40F0B381AF
:101420001A4652F8308F52E904E652F804AC06EB43
:10143000070C0AEB0706F04542F80CCC42F8046CA6
:1014400080F0E580B8F1000F00F04D810027C6461E
:1014500017602F704AE1597C012900F0878000292C
:1014600040F08E80B0F850109BF80020084400EB4C
:101470000210B0F804146FF39F21A0F80414B0F820
:10148000041441F4004179E000F2044939F817707E
:101490006FF39F27EE1B4FF0000538BF2E461660F6
:1014A00047D95FEA484208D530F821204CF280063F
:1014B00002EA0C02324320F821201A4612F8346F57
:1014C000012E40F60F7640F05E811D4655F830EF54
:1014D00055E904A655F8048C06EB070C08EB070643
:1014E000D64545F80CCC45F8046C80F094804FF05C
:1014F0000008BEF1000F82F8008040F08F80BE46E9
:101500008EE05A7C012A4ED0002A40F60F7640F039
:10151000AD80B0F8503000EB01173B44B3F80474D1
:101520006FF39F27A3F80474B3F8047447F40047DB
:1015300041E05A7C012A50D0002A40F0A680B0F841
:10154000503009EB0117FE5A6FF39F26FE52FE5AE8
:1015500046F4004646E0B0F850109BF800200844DE
:1015600000EB02100021A0F80C1409E0B0F85010B4
:101570009BF80020084400EB02100021A0F804149E
:101580009BF800102046FFF723FC53E5002B00F0EA
:10159000908003F001078E5A07EB530346EA83233A
:1015A00040F60F768BE0B0F8503000EB01173B446B
:1015B000002740F60F76A3F80474012A50D0002AC1
:1015C00054D1B0F8500009EB0112135A6FF39F2366
:1015D0001352135A43F4004347E0B0F8503009EB7C
:1015E00001170026012AFE5247D0002A4DD1B0F83B
:1015F000502000EB01101044B0F80C246FF39F2230
:10160000A0F80C24B0F80C2442F400423BE0A8EB14
:101610000E0515606AE0AEEB0A08D646C5F80080F4
:101620005A7C40F60F76012A55D0002A59D1B0F8DD
:10163000507009EB0111CA5BBEF13F0F6FF39F229F
:10164000CA537AD34FEA5E125FEACE6537F801805B
:101650004FF0FF3508BF05EB5E1248EA822283E0B7
:10166000B0F8500009EB0112002313522046FFF797
:10167000AFFB5FEA484010D585E0B0F8502000EBA2
:10168000011010440022A0F80C242046FFF7A0FB14
:101690005FEA484040F60F7675D520689BF8001049
:1016A0004CF2800330F8212032401A4320F82120E8
:1016B00069E08B5A48F20007CFF6FF773B438B5225
:1016C000018843F60F7211404CF28002A2F580525D
:1016D00051400180AEE4B0F8502009EB011121F82F
:1016E00002E01A8B4AE000222A70BE465A7C40F67D
:1016F0000F76012A1AD0002A3FD1B0F8507009EBBA
:101700000111CA5BBEF13F0F6FF39F22CA531FD373
:101710004FEA5E125FEACE6537F801804FF0FF3581
:1017200008BF05EB5E1248EA822223E0B0F85020A1
:1017300009EB011121F802E01FE0BEF1000F12D009
:101740000EF001027D5A02EB5E0245EA82220DE0B4
:10175000BEF1000F0DD00EF001027D5A02EB5E02C9
:1017600045EA822208E07A5A42F400427A521A8B01
:1017700004E07A5A42F400427A525A8B1FFA8EF3EE
:10178000614604F07DF920689BF8001040F63F7335
:1017900030F821201A4048F2C003103B5A4020F88C
:1017A0002120FFF747BC2068B0F8441021F4806185
:1017B000A0F84410204600F08FF894F89002012819
:1017C00008D105B0BDE8F08F2068B0F8441021F4CE
:1017D000804128E00120002584F89002657320688C
:1017E000002104F045F984F8905205B0BDE8F08F6F
:1017F0002068B0F8441021F4005114E02068B0F8DB
:10180000401021F00401A0F84010B0F8401021F081
:101810000801A0F84010204600F070F82068B0F8E9
:10182000441021F48051A0F8441005B0BDE8F08FB9
:1018300020686FF00102011F01A800BF31F8043FCA
:10184000871802320E2A7B80F8D12168B1F8402037
:1018500042F00102A1F84020B1F8402022F001023C
:10186000A1F84020B1F844205205FBD5B1F844203E
:101870006FF0010322F48062A1F844200A1F00BF28
:10188000C7187F8802330E2B22F8047FF8D1B1F8F5
:10189000400040F00800A1F84000B1F8440020F4F6
:1018A0000060A1F84400B1F8400040F00402204676
:1018B000A1F8402005B0BDE8F04F00F043B8216822
:1018C000B1F8440020F400722046A1F8442005B08D
:1018D000BDE8F04F00F016B810B504468079022834
:1018E00018BFFEF709FED4F8D402012103F04AF82C
:1018F000D4F8D402BDE8104003F002B8D0F8D40206
:1019000003F028B8D0F8D40203F02EB810B504467E
:1019100090F89002012804BF022010BD012084F835
:1019200090026173206804F0A3F8002084F890020C
:1019300010BD0000D0F8D42200F52671104603F047
:1019400037B8000010B50446D0F8D40203F072F89E
:10195000A07A002808BF10BD4EF61050CEF200004D
:10196000016841F00601016010BD00002DE9F04161
:1019700082B00446007841F21C06C007C4F2020699
:101980004AD0306810F0805808D1306840F080505C
:101990003060306800F080500190019847F20007F5
:1019A000C4F200073868C00512D4386840F480706B
:1019B0003860FFF71FF905463868C00508D4FFF7FF
:1019C00019F9401B6428F7D9032002B0BDE8F08163
:1019D000706810F4407012D0616801F44071884260
:1019E0000DD0706840F24042C4F24222012320F43C
:1019F000407113600023C0071360716029D17068C3
:101A0000616820F440700843B8F1000F706003D1A2
:101A1000306820F0805030602068810707D556F884
:101A2000181CA26821F44041114346F8181CC00656
:101A300003D4002002B0BDE8F08156F8180C6169AB
:101A400020F48000084346F8180C002002B0BDE8DE
:101A5000F081FFF7CFF8054641F2883770688007BC
:101A6000CDD4FFF7C7F8401BB8424FF00300F5D9BB
:101A7000ECE700002DE9F04381B0002800F08580FC
:101A800042F20008C4F202080446D8F800000D46ED
:101A900000F0070088420CD2D8F8000020F00700C0
:101AA0002843C8F80000D8F8000000F00700A8425A
:101AB0006BD1206841F204098107C4F2020917D5ED
:101AC000410705D5D9F8001041F4E061C9F80010CC
:101AD000010705D5D9F8001041F46051C9F800108C
:101AE000D9F80010A26821F0F0011143C9F80010E4
:101AF000C00741D1D8F8000000F00700A8420CD977
:101B0000D8F8000020F007002843C8F80000D8F8F3
:101B1000000000F00700A84237D12068410707D530
:101B2000D9F80010E26821F4E0611143C9F800100F
:101B3000000708D5D9F80000216920F4605040EA78
:101B4000C100C9F80000D9F8002002F00C000828F4
:101B500041F20020C0F27A004ED148F6E013C2F301
:101B60008341C0F60003595CD20339D440F600101B
:101B7000C0F23D0048433FE06068022809D00128D8
:101B800029D159F8041C890307D4012001B0BDE80C
:101B9000F08359F8041C8901F7D5D9F8001021F019
:101BA00003010843C9F80000FFF724F8064641F294
:101BB000883700BFD9F80000616800F00C00B0EB76
:101BC000810F97D0FFF716F8801BB842F2D9032097
:101BD00001B0BDE8F08359F8041C8907D5D5DCE7CE
:101BE000D9F8002048F68013C2F34042C0F6000343
:101BF0009A5C4843B0FBF2F0D9F8001048F6501256
:101C0000C1F30311C0F60002515C40F2100220FA49
:101C100001F141F23400C2F200000068C2F2000299
:101C20001160FFF70FF8002001B0BDE8F08300005D
:101C30000F22026041F20402C4F20202136803F0B0
:101C400003034360136803F0F0038360136803F435
:101C5000E063C36012684FF4E06303EAD2020261FA
:101C600042F20000C4F20200006800F007000860C1
:101C70007047000040F2100041F20401C2F200007F
:101C8000C4F202010068096848F66012C1F302213B
:101C9000C0F60002515CC8407047000040F21000DE
:101CA00041F20401C2F20000C4F2020100680968B6
:101CB00048F66012C1F3C221C0F60002515CC84070
:101CC000704700002DE9F04182B0002800F0D78075
:101CD0000446007841F20006C007C4F2020644D070
:101CE000706800F00C00042817D0706800F00C0039
:101CF000082802D17068C0030FD465682DB1B5F50E
:101D0000A02F10D0B5F5803F11D0306820F480307E
:101D10003060306820F480200CE03068800324D5E7
:101D2000606810BBABE0306840F480203060306801
:101D300040F480303060FEF75DFF002D054611D085
:101D40003068800311D4FEF755FF401B6428F7D993
:101D500016E100BFFEF74EFF401B64284FF0030062
:101D600000F28A8030688003F4D42078800718D588
:101D7000706810F00C0F07D0706800F00C00082895
:101D800027D17068C00324D43068800702D5206949
:101D9000012874D13068616920F0F80040EAC10080
:101DA0003060207800074FD5A06940B30020C4F20E
:101DB00042200121C0F88014FEF71CFF054600BF39
:101DC000706A80072DD4FEF715FF401B0228F7D953
:101DD000D6E02069002840F20000C4F2422000F062
:101DE000A68001210160FEF705FF054630688007E7
:101DF000D0D4FEF7FFFE401B0228F7D9C0E0002038
:101E0000C4F242200021C0F88014FEF7F3FE05461C
:101E1000706A800718D5FEF7EDFE401B0228F7D93F
:101E2000AEE040F21000C2F20000006844F6D35168
:101E3000C1F26201A0FB0101480A019000BF0198B4
:101E4000411E00280191F9D1207840071BD4E56993
:101E50008DB1706800F00C00082846D1012D0ED01D
:101E60007068216A00F480328A4208D1616A00F405
:101E70007010884203D1002002B0BDE8F08101203B
:101E800002B0BDE8F081F06910F0805808D1F06927
:101E900040F08050F061F06900F0805000900098B0
:101EA00047F20007C4F200073868C0050FD438684D
:101EB00040F480703860FEF79DFE05463868C00526
:101EC00005D4FEF797FE401B6428F7D958E0E56873
:101ED0001DB1052D3CD0012D3ED0306A20F001000F
:101EE0003062306A20F0040039E00027C4F2422753
:101EF00000203866FEF77EFE022D05460CD100BF9D
:101F00003068800154D5FEF775FE401B02284FF063
:101F10000300F5D9B0E700BF30688001ABD5FEF70C
:101F200069FE401B02284FF00300F5D9A4E7002109
:101F30000160FEF75FFE0546306880077FF531AF30
:101F4000FEF758FE401B02284FF00300F4D993E738
:101F5000306A40F004003062306A40F001003062C4
:101F6000FEF748FE002D054641F2883714D000BF29
:101F7000306A800713D4FEF73DFE401BB842F7D904
:101F8000032002B0BDE8F081FEF734FE401BB842EA
:101F90004FF003003FF670AF306A8007F4D4B8F119
:101FA000000F7FF454AFF06920F08050F0614EE7ED
:101FB000206AB0F5803F05D17168A26821F4003134
:101FC000114371607168626A21F47411114308430E
:101FD000706001203866FEF70DFE0446306880010F
:101FE0003FF549AFFEF706FE001B02284FF0030045
:101FF000F4D941E72DE9F04186B00446032084F886
:102000003400606C8846032810D14FF08050A16BDB
:1020100040F2FF560843A063A06BC0F2400668B3CD
:1020200020680125866384F8345031E0B8F1000F50
:1020300041D0B8F5805FE8D0B8F5006F51D10021EC
:10204000206805910491002101F0BCFC80014BD473
:1020500004A9204601F048FF0028D8D19DF81600B9
:1020600040073BD5216D2068090401F0D5FC00280C
:10207000CDD12068022101F019FDC8E794E80F00D6
:10208000D4E90557CDE90085029701F09FFC0025B2
:1020900020684FF4007101F0FDFC28B12168012592
:1020A0008E63A16B0843A0630121284684F8341095
:1020B00006B0BDE8F081002120680591049100215F
:1020C00001F080FC80010FD404A9204601F00CFF30
:1020D00000289CD19DF81600C00708D14FF0806001
:1020E00095E74FF0006092E74FF400608FE7216DB5
:1020F0002068090401F090FC00287FF488AF206874
:10210000002101F0D3FC82E780B5D0E9193ED0F878
:1021100044C09A0F0A70C3F383624A70C3F301622A
:102120008A701A0CCA701A0A0A714FEA1E524B7151
:10213000CA80CEF303420A72CEF3C0324A72CEF3A3
:1021400080328A72CEF34032CA72CEF300320A7302
:102150000022BCF1010F4A732DD0BCF1000F40F0FA
:10216000808040F6FC72C36E02EA8E0242EA9372ED
:102170000A61C26EC2F3C2630B75C2F302634B7590
:10218000C2F342538B75C2F38243C2F3C232CB75A2
:102190000A760A690B7E013203F0070302339A4084
:1021A00042650B7A03F00F0C012303FA0CF38365ED
:1021B0005B0A5A430FE0B0F86E200EF03F0342EA8C
:1021C00003420A610A694FF4806303EB82224FF4F1
:1021D0000073C0E91523C2654FF400720266D0E9AE
:1021E0001B20C2F380334B76C2F3C61302F07F028A
:1021F0008B76CA76C20F0A77C0F341724A77C0F372
:1022000082628A77C0F38352CA77C0F3405281F862
:1022100020200022C0F3004381F8212081F82230E1
:10222000C0F3C03381F82330C0F3803381F8243009
:10223000C0F3403381F82530C0F3003381F82630F5
:10224000C0F3812381F82730C0F30123C0B24008D6
:1022500081F8283081F82900012081F82A001046F1
:1022600080BD016840F2FF52C0F240028A63816B78
:10227000012241F08051816380F83420104680BDF6
:1022800080B500F1440E9EE80C5081E80C10426DC0
:10229000C1E903E2D0E91623C1E90523026E00205B
:1022A000CA6180BDB0B5016D04460068090401F043
:1022B00003FD10B10546002006E02068002100253E
:1022C00001F080FBC0F34320002D08BFB0BDA16B1F
:1022D0002943A163B0BD000010B5D0B1044690F809
:1022E000340020B900202077204600F01FF9032099
:1022F00084F83400204600F00FF800284FF0010069
:1023000018BF10BD0021A163216384F834000020B0
:1023100010BD012010BD000070B590B004460068EB
:1023200076210025029100210022002300950195CD
:1023300001F04CFBA026C4F230263560206801F085
:102340005BFB012030600220FEF742FB0595206810
:1023500001F0B8FB38B1012190B184F83410A26BC0
:102360001043A063CAE0206801F0D0FB00286CD0C5
:1023700020680021A16401F0A5FB0028EBD166E0F4
:102380002068ADF8121001F019FB002800F08F80D2
:10239000606C03281DD0206801F018FC002840F074
:1023A00088802068002101F00DFB216860670846E5
:1023B000042101F007FB2168A0670846082101F00D
:1023C00001FB2168E06708460C2101F0FBFAC4F824
:1023D0008000606C032806D020680DF1120101F026
:1023E00077FC002865D1606C03281FD0BDF812105F
:1023F00020682165090401F01DFC002859D12068DE
:10240000002101F0DFFA216860660846042101F02E
:10241000D9FA2168A0660846082101F0D3FA21689C
:10242000E06608460C2101F0CDFA206720680421FF
:1024300001F0C8FA000DE06405A92046FFF764FE2C
:1024400000285ED04FF0805033E00120A064A06CE3
:10245000012807D12068002101F0DEFA10B14FF009
:10246000805078E705984FF6FE76B0423CD80025BC
:10247000CCF210152068002101F0CEFA00287FF47C
:102480006AAF2068294601F0D3FA0028E7D1206816
:10249000002101F097FA0599013105910599B142A2
:1024A00002D8B0F1FF3FE5DCC0F380701DE04FF0D3
:1024B000806030B1012184F83410A26B1043A06316
:1024C0001CE020684FF4007101F0E4FAA8B1216823
:1024D00040F2FF52C0F240028A63A16B084301211F
:1024E000A06384F8341009E000200599B1429ABF36
:1024F000606400204FF080702DE70021084610B086
:1025000070BD216D20680A04002301F053FB0028F0
:10251000CFD194E84F00D4E9055CCDE90065CDF852
:1025200008C001F053FA0020C3E70000F0B585B001
:1025300041F20004C4F20104006804F5E04188425D
:102540004FF00000CDE90300CDE9010001D005B056
:10255000F0BD41F21800C4F2020050F8041C01ADB5
:1025600041F4806140F8041C50F8041C022601F478
:102570008061009100990168032741F0100101601A
:10258000016801F0100100910099016841F02001FB
:1025900001600068294600F02000009000984FF488
:1025A000F8500190204602960497FEF725FA042081
:1025B000CDE9010604F5806029460497FEF71CFA70
:1025C00005B0F0BD2DE9F04F87B09B4615460E468D
:1025D0000446FEF70FFB7EB1804694F834000128D4
:1025E0000ED10021A163E06D0BEB050282420FD9F1
:1025F000A06B40F0007006E0A06B40F0006002E0CD
:10260000A06B40F00050A063012007B0BDE8F08F40
:10261000032084F83400626C2068012A4FF0FF32F6
:10262000C16218BF6D0201924FEA4B224FF00209BE
:1026300002929022CDE90491012701A90392069705
:1026400001F0A8F9BBF1020F07D3C4F8309020685D
:10265000294601F097FA30B916E027632068294629
:1026600001F09CFA80B1216840F2FF52C0F24002B2
:102670008A63A16B0843A0630120002184F8340021
:10268000216307B0BDE8F08FDDF84090029D40F275
:102690002A3A05E0FEF7AEFAA0EB0800484533D22F
:1026A0002068426B416B12EA0A0F0FD10804F1D582
:1026B000002DEFD0043E0827206801F0A3F9013F68
:1026C00046F8040FF8D1203D0436E3E7BBF1020FD2
:1026D00009D311F4807106D0616C032903D001F095
:1026E00045FB0028BFD12068416B09075CBF416BE7
:1026F0005FEA81511BD540F2FF51C0F24001816376
:10270000A06B40F00800B6E7206840F2FF51C0F22D
:1027100040018163A06B40F00040A063012084F879
:10272000340000202063032007B0BDE8F08F416B28
:1027300089071CD4416B890622D42068416B890229
:1027400027D535B301F05EF946F8040B043DFEF7DA
:1027500051FAA0EB08004845EFD3206840F2FF5142
:10276000C0F240018163A06B40F0004083E740F27B
:10277000FF51C0F240018163A06B40F002007AE794
:1027800040F2FF51C0F240018163A06B40F0200095
:1027900071E740F23A518163012084F8340000204F
:1027A00007B0BDE8F08F00002DE9F04F87B09846E4
:1027B000154689460446FEF71DFAB9F1000F0FD001
:1027C000824694F8340001280ED10021A163E06D07
:1027D00008EB050282420FD9A06B40F0007006E0C2
:1027E000A06B40F0006002E0A06B40F00050A063DE
:1027F000012007B0BDE8F08F032084F83400626C3C
:102800002068012A4FF0FF32C16218BF6D020192A9
:102810004FEA482202929022CDE90321059101213D
:10282000069101A901F0B6F8B8F1020F07D32020F4
:1028300020632068294601F0A9FA38B917E0102072
:1028400020632068294601F0ADFA80B1216840F28A
:10285000FF52C0F240028A63A16B0843A0630120CB
:10286000002184F83400216307B0BDE8F08F109E8A
:10287000DDF808B040F21A376D4605E0FEF7BAF908
:10288000A0EB0A00B04248D22068426B416B3A424A
:1028900025D14804F2D5BBF1000FEFD0A9F1040710
:1028A0004FF0080917F8040F0090797840EA0120EA
:1028B0000090B97840EA01400090F97840EA01615F
:1028C00020680091294601F0A1F8B9F10109E9D188
:1028D000ABF1200B07F1040940F21A37CEE7B8F14B
:1028E000020F09D311F4807106D0616C032903D063
:1028F00001F03CFA0028A9D12068416B09075CBFB0
:10290000416B5FEA815119D540F2FF51C0F240019D
:102910008163A06B40F00800A0E7206840F2FF51FF
:10292000C0F240018163A06BA063012084F83400F1
:1029300000202063032007B0BDE8F08F416B8907BA
:102940000CD4416BC90612D440F23A518163012084
:1029500084F83400002007B0BDE8F08F40F2FF514A
:10296000C0F240018163A06B40F0020076E740F2C4
:10297000FF51C0F240018163A06B40F010006DE791
:1029800070B538B10446406A30B10020206104F1CE
:10299000140007E0012070BD6068B0F5827F03D0AD
:1029A00004F11C00002101600026A66294F8510089
:1029B00020B9204684F8506000F038F8022084F8EE
:1029C000510094E8071001F48271036802F4044294
:1029D00023F040030360236911440CF400621144A6
:1029E00003F002026369114403F00102A369E5697F
:1029F000114403F40072114405F03802256A1144B1
:102A000005F08002A56A114305F4005211430160EC
:102A1000042101EA13414160C16921F40061C161EF
:102A20000120666584F85100304670BD70B586B0EF
:102A3000044640F60000C4F20100216800F520526F
:102A4000002691420596CDE90366029601D006B0B4
:102A500070BD41F21801C4F202010A6842F48052CA
:102A60000A600A6802F480520192019A0A6842F0F0
:102A700004020A60096801F0040101910199A02192
:102A80000291022103910321059102A9FDF7B4FFF0
:102A900045F2E0753020C2F20005C4F202001021B8
:102AA000802285E843002846C5E90326C5E9056676
:102AB000EE61FDF73DFF002818BFFDF71DFDA56481
:102AC0006C6206B070BD00007047000070470000E7
:102AD000002804BF0120704710B5044690F83D005F
:102AE00028B9002084F83C00204600F01FF802209E
:102AF00084F83D002068211D01F0F2FC012084F8DB
:102B0000460084F83E0084F83F0084F8400084F8D2
:102B1000410084F8420084F8430084F8440084F8BB
:102B2000450084F83D00002010BD00007047000003
:102B300090F83D1001291CBF01207047022180F848
:102B40003D10006840F6FF32C168C4F200029042B6
:102B500041F00101C1600FDCB0F1804F1ED040F2A6
:102B60000041C4F20001884218D040F60001C4F2CE
:102B70000001884212D018E040F60041C4F2000182
:102B800088420BD043F20041C4F20101884205D0D3
:102B900042F60041C4F20101884206D1816801F089
:102BA0000701062904BF00207047016841F00101B8
:102BB00001600020704700007047000070B50446B7
:102BC0000068C5680669B10716D515F0020113D073
:102BD0006FF002010161012121778069800703D034
:102BE0002046FFF7E9FF05E0204600F08DF820467B
:102BF00000F08CF800202077700718D515F004003D
:102C000015D020686FF004010161022121778069ED
:102C100010F4407F03D02046FFF7CEFF05E02046AA
:102C200000F072F8204600F071F80020207730079D
:102C300017D515F0080014D020686FF00801016165
:102C400004212177C069800703D02046FFF7B4FF35
:102C500005E0204600F058F8204600F057F8002024
:102C60002077F00618D515F0100015D020686FF009
:102C70001001016108212177C06910F4407F03D061
:102C80002046FFF799FF05E0204600F03DF820467A
:102C900000F03CF800202077F00718BF15F0010085
:102CA00002D1300609D412E020686FF00101016101
:102CB000204600F02DF8300609D515F0800006D02A
:102CC00020686FF0800101612046FFF7FDFE70066D
:102CD00009D515F0400006D020686FF04001016171
:102CE000204600F01FF8B00658BF70BD15F0200058
:102CF00008D021686FF0200220460A61BDE87040CC
:102D0000FFF7E4BE70BD0000704700007047000090
:102D1000006843F20041C4F20101884218BF7047C5
:102D2000FDF76EBF7047000081B090F84230202B55
:102D300036D100294FF0010318BF002A31D00123FA
:102D4000036300234363816222218285C285436439
:102D500080F84210016921B10168CA6842F48072AA
:102D6000CA6001684A6942F001024A61CA6842F0D9
:102D70002002CA60026B012A16D1002200920A6862
:102D80000092496800910099016851E8031F0268A8
:102D900041F0100142E80313002BF5D1002300E0BD
:102DA0000223184601B070470123FAE710B5006806
:102DB00044F60002C4F20002904218BF10BD47F66C
:102DC000004448F20040C2F200040A46C2F2000089
:102DD000214604F0F7F945F6F040C2F20000214622
:102DE0004FF48062FFF7A0FF20464FF48061FDF7AB
:102DF000DAF910BD70470000B0B582B00446006833
:102E00000168C368426901F02F05202D03F02005F9
:102E100006D12DB1204602B0BDE8B04001F0DABBCA
:102E20005FEA017C1EBF02F0010E03F4907212EB08
:102E30000E0253D1226B012A05D111F0100218BFE6
:102E400013F0100236D10A0622D513F080021FD0EB
:102E500094F8411021293FD1A168B1F5805F03D1D9
:102E60002169002900F04581216A4A1C2262097803
:102E70004160E18C01390A04E1842DD1C16821F05F
:102E80008001C160C16841F04001C16002B0B0BDC5
:102E9000490621D513F040011ED0C16821F0400140
:102EA000C1602021204684F8411002B0BDE8B04046
:102EB00000F0D2BA002101910168019141680191AD
:102EC00001994069400611D4A08DE18DE28D002A60
:102ED00018BF884240F0DF8002B0B0BDC80718BFFD
:102EE00013F4807049D148074DD453E0E06B01687A
:102EF00049688AB2002AEFD0A38D9A42ECD2E185CC
:102F00008069202831D000BF206850E8030F216875
:102F100020F4807041E80302002AF5D1206850E8CF
:102F2000050F216820F0010041E80502002AF5D1D3
:102F3000206850E8050F216820F0400041E80502B4
:102F4000002AF5D1202084F842000020206300BF31
:102F5000206850E8030F216820F0100041E80302C8
:102F6000002AF5D1E06BFDF7F3FA02206063A08D33
:102F7000E18D401A81B22046B6E0606C40F001005D
:102F80006064480706D5BEF1000F03D0606C40F0C6
:102F900002006064880706D5BEF1000F03D0606CA4
:102FA00040F004006064BCF1000F09D545EA0E0052
:102FB000B0FA80F0400903D1606C40F00800606412
:102FC000606C00283FF488AF11F0200018BF002D7E
:102FD00002D0204601F0FEFA20684069616C00F0E2
:102FE000400001F00801401848D000BF206850E8B8
:102FF000030F216820F4907041E80302002AF5D104
:10300000206850E8050F216820F0010041E8050222
:10301000002AF5D1206B01280AD100BF206850E8B2
:10302000030F216820F0100041E80302002AF5D1C7
:10303000202084F842000020206320684069400678
:1030400023D500BF206850E8050F216820F040001C
:1030500041E80502002AF5D1E06BB0B144F2C95154
:10306000C0F600014163FDF793FA00283FF434AF46
:10307000E06B416B02B0BDE8B04008472046FFF767
:10308000B9FE0020606402B0B0BD204602B0BDE8C9
:10309000B040FFF7AFBE401A216851E8031F226815
:1030A00021F4907142E80313002BF5D1216851E817
:1030B000051F226821F0010142E80513002BF5D11C
:1030C000202184F842100021216300BF216851E8CB
:1030D000031F226821F0100142E80313002BF5D1F1
:1030E000022281B22046626302B0BDE8B040FFF721
:1030F0005DBE216A31F8022B6FF35F2242602162CC
:10310000B7E60000002804BF0120704710B5044650
:1031100090F8410028B9002084F84000204600F0D3
:1031200061F8242084F841002068D4E90212C368C1
:1031300023F40053C360036923F440531A4302612C
:10314000D4E904231143C268194341F20C639A4342
:103150001143C1604169A26921F44071114343F6F2
:103160000002C4F201029042416102D0FEF782FDEA
:1031700001E0FEF793FD6268192148439100B0FB1E
:10318000F1F048F21F51C5F2EB11A0FB01235A09DF
:103190004FF69C73C0F6FF7302FB0300322303EB70
:1031A0000010A0FB0101F02303EA5113206803EB98
:1031B0000212C1F3431111448160016921F490416D
:1031C0000161416921F02A014161C16841F4005166
:1031D000C16000202021606484F8411084F842100E
:1031E000606310BD2DE9F04186B00446006844F6E6
:1031F0000001C4F20001002688420596CDE903666D
:10320000029669D044F20041C4F20001884240F0C5
:10321000A58041F21800C4F20200416840F60005A2
:1032200041F4003141604168C4F2010501F400310C
:1032300001910199016802AE41F00401016000684A
:1032400040F26C0800F00400019001980420029004
:10325000022003900320059028463146C4F202085C
:10326000FDF7CAFB08200290002728463146CDE929
:103270000377FDF7C1FB45F62405C2F200052020C7
:103280008026C5E906072846C5E90087C5E9027614
:10329000C5E90477FDF74CFB002818BFFDF72CF9B2
:1032A000E5636C6245F6680508F11400C2F200059A
:1032B000102185E883002846C5E90367C5E905773D
:1032C000EF61FDF735FB002818BFFDF715F9A56381
:1032D0006C6206B0BDE8F08141F21800C4F2020051
:1032E000416802AD41F480214160416801F48021D0
:1032F00001910199016841F02001016000682946AF
:1033000000F02000019001984FF48070029002209C
:1033100003900320059040F60000C4F2010000F580
:1033200040642046FDF768FB4FF40070CDE90206CB
:10333000204629460496FDF75FFB0420C4F20100F5
:103340000168002241F0E06141F030010160272076
:103350000521FDF701FD2720FDF7EEFC06B0BDE8D5
:10336000F0810000704700002DE9F04381B0044671
:1033700090F8410020281CD1884600294FF0010018
:1033800066D01646002A63D00020606421201D46C6
:1033900084F84100FDF72EFCA684E684A168064669
:1033A000B1F5805F01D1206938B1C1464FF0000806
:1033B00005E0022001B0BDE8F0834FF00009E08C89
:1033C00048B36F1C0CE0B9F1000F1BD019F8010BCA
:1033D00021684860E08C0138E084E08CD8B100BFFF
:1033E000206800680006EED4002FF9D0FDF702FC3B
:1033F00001464FF0030045B3891BA94225D8206838
:10340000C068EDE738F8020B21686FF35F20486071
:103410004FF00009DEE720680068400614D46F1CF6
:1034200004E000BF2068006840060DD4002FF9D0EA
:10343000FDF7E0FB01464FF0030035B1891BA942BF
:1034400003D82068C068EDE70020202184F84110EF
:1034500001B0BDE8F083000070470000012818BFEC
:10346000704780B582B048F6C62048F6AA214FF0D2
:10347000000CC0F60000C0F6000102220123CDF8C6
:1034800000C0CDF804C002F0EFFF02B080BD000024
:10349000012818BF704780B582B048F6C02048F6B2
:1034A000AA214FF0000CC0F60000C0F60001022275
:1034B0000123CDF800C0CDF804C002F0D5FF02B062
:1034C00080BD0000012818BF704710B582B048F6D3
:1034D000C02048F67C210024C0F60000C0F60001A0
:1034E000022201230094019402F0BEFF48F6C3209B
:1034F00048F64E21C0F60000C0F60001022201236A
:103500000094019402F0B0FF48F6C62048F620214E
:10351000C0F60000C0F600010222012300940194CD
:1035200002F0A2FF02B010BD012818BF704710B50D
:1035300082B048F6C02048F620210024C0F60000E2
:10354000C0F60001022201230094019402F08CFFD6
:1035500048F6C32048F64E21C0F60000C0F6000130
:10356000022201230094019402F07EFF48F6C62057
:1035700048F67C21C0F60000C0F6000102220123BB
:103580000094019402F070FF02B010BD012818BF32
:103590007047B0B582B048F64E2448F6C020C0F659
:1035A00000040025C0F600002146022201230095F8
:1035B000019502F059FF48F6C32048F62021C0F6D5
:1035C0000000C0F60001022201230095019502F0DF
:1035D0004BFF48F6C620C0F6000021460222012318
:1035E0000095019502F040FF02B0B0BD41F20040ED
:1035F000C4F201002021FDF7F1BA000041F20040C1
:10360000C4F201008021FDF7E9BA000040F6000095
:10361000C4F201000121FDF7E1BA000041F600000B
:10362000C4F201000121FDF7D9BA000041F20040C7
:10363000C4F201004021FDF7D1BA0000024641F278
:103640000040C4F201000221FDF7CEBA024641F269
:103650000040C4F201000821FDF7C6BA024641F25B
:103660000040C4F201001021FDF7BEBA80B5082069
:1036700005F020F9014600284FF000001CBF48600B
:10368000084680BDB0B578B1054608200C4605F067
:1036900011F948B12A466D68002DFBD10021C0E91F
:1036A000004150600846B0BD0120B0BD80B582B079
:1036B00041F21400C4F202000168002241F001014D
:1036C00001600068052100F00100019001980D20C3
:1036D000FDF742FB0D20FDF72FFB102005210022F6
:1036E000FDF73AFB1020FDF727FB112005210022F2
:1036F000FDF732FB112002B0BDE88040FDF71CBB96
:1037000080B548F6CC1045F21C21C0F60000C2F28C
:103710000001FCF7F7FE46F2D871C2F20001087012
:1037200080BD000080B544F2F50048F6F012C0F606
:103730000000C0F60002002102F0DCFF45F2AC718F
:10374000C2F20001086080BD2DE9F04F85B04FF056
:10375000000841F21800CDE90388CDE90188C4F2E0
:103760000200016840F6000941F0100101600168A3
:10377000C4F2010901F0100100910099016809F5F6
:10378000006741F0040101600168002201F00401BA
:10379000009100990168382441F02001016001681E
:1037A00001F0200100910099016841F040010160A1
:1037B0000068382100F04000009000983846FDF77E
:1037C00013FA4846102100224FF0100BFDF70CFAB7
:1037D00009F5406528461A2101224FF0010AFDF73C
:1037E00003FA01AECDE9014A022438463146CDE95B
:1037F0000344FDF701F948463146CDE901A8039499
:10380000FDF7FAF848463146CDE901BACDE903445F
:10381000FDF7F2F84FF40E60CDE901082846314675
:103820000394FDF7E9F81A20CDE9010A284631464C
:10383000CDE90384FDF7E0F809F580503146CDE984
:1038400001A80394FDF7D8F805B0BDE8F08F00009B
:1038500080B545F6843048F20001C2F20000C4F29F
:10386000010100224FF40063C0E90012C0E9022206
:1038700010304FF4804C4FF0060E80E8085080BDA9
:1038800080B545F6084043F20001C2F20000C4F2E0
:1038900001014FF48272002380E80E0000F1140150
:1038A0004FF4007C4FF0080E81E808500A21C0E96F
:1038B0000333C0E90833C0E90A31FFF761F8002893
:1038C00008BF80BDBDE88040FCF716BE80B545F658
:1038D000A84044F20041C2F20000C4F200010023FB
:1038E0004FF00C0C4FF4E13280E80E00C0E90333D6
:1038F000C0E905C3C361FFF705FC002808BF80BD10
:10390000BDE88040FCF7F8BD80B545F6F04044F6D0
:103910000001C2F20000C4F2000100234FF00C0CC1
:103920004FF4E13280E80E00C0E90333C0E905C37B
:10393000C361FFF7E7FB002808BF80BDBDE88040FA
:10394000FCF7DABDFEE70000FEE700000000000023
:10395000EFF30980BFF36F8F0D4B1A6820E9F00F6A
:1039600010602DE908404FF0500080F3118803F0FB
:10397000DBFE4FF0000080F31188BDE808401968B5
:103980000868B0E8F00F80F30988BFF36F8F7047C5
:103990001C63002080B5024691E809505062936292
:1039A00008694EEA0C0318434969D36A084323F0B7
:1039B000F70101430020D16280BD0000006800F0E3
:1039C00003007047084440697047000010B5844602
:1039D000DDE90240114319432143DDF810E00843BB
:1039E000DCF8041047F6FF6240EA0E009143014301
:1039F0000020CCF8041010BD0146032200200A600C
:103A000070470000D0F88000704700000968024647
:103A10000020C2F8801070478160C36840F277418F
:103A200061F30B03372141F28832C36000F0C6B95D
:103A300041F0004141F480118160C16840F2694267
:103A400062F30B01C16040F21001C2F2000109688B
:103A500044F6D352C1F26202A1FB0212510A41F2B2
:103A600088325143C94300BF013124BF4FF00040A9
:103A70007047426B12F0450FF6D012F40062F3D19A
:103A8000416B042211F0040108BFC522826308467D
:103A9000704700008160C3684FF48A6161F30B03D3
:103AA000102141F28832C36000F088B98160C36898
:103AB00040F2464161F30B03062141F28832C360B4
:103AC00000F07CB900218160C1684FF4806262F32C
:103AD0000B01C16040F21001C2F20001096844F616
:103AE000D352C1F26202A1FB0212510A41F28832A2
:103AF0005143C943013124BF4FF000407047426B2E
:103B00001206F7D5C5218163002070474FF4D571A7
:103B10008160C1684FF4896262F30B01C16040F2B9
:103B20001001C2F20001096844F6D352C1F26202E8
:103B3000A1FB0212510A41F288325143C94300BF2E
:103B4000013124BF4FF000407047426B12F0450F27
:103B5000F6D012F40062F3D1416B490709D4416BEE
:103B6000C90709D1416B49064FF0000107D5402232
:103B700004E00422042101E00122012182630846BD
:103B8000704700008160C36840F2524161F30B034B
:103B9000122141F28832C36000F010B98160C3681D
:103BA00040F2514161F30B03112141F28832C360AD
:103BB00000F004B98260C36840F2474161F30B032F
:103BC000072141F28832C36000F0F8B8002181601B
:103BD000C16840F2C24262F30B01C16040F21001C1
:103BE000C2F20001096844F6D352C1F26202A1FB9D
:103BF0000212510A41F288325143C943013124BFB4
:103C00004FF000407047426B12F0450FF6D012F4AF
:103C10000062F3D1416B490706D4416BC90705D156
:103C2000C521816300207047042100E001218163E8
:103C3000084670478160C16840F2C94262F30B01D7
:103C4000C16040F21001C2F20001096844F6D3528B
:103C5000C1F26202A1FB0212510A41F288325143C1
:103C6000C94300BF013124BF4FF000407047426B91
:103C700012F0450FF6D012F40062F3D1416B490700
:103C800006D4416BC90705D1C52181630020704767
:103C9000042100E001218163084670470021816012
:103CA000C36840F2734161F30B03332141F2883260
:103CB000C36000F083B800008160C36840F24D41EA
:103CC00061F30B030D2141F28832C36000F076B836
:103CD00000228260C26840F2434363F30B02C26079
:103CE00040F21002C2F20002126844F6D353C1F24D
:103CF0006203A2FB03235A0A41F288335A43D24398
:103D0000013224BF4FF000407047436B13F0450F62
:103D1000F6D013F40063F3D1426B52071BD4426B0D
:103D2000D2071AD10269D2B2032A1CBF0120704700
:103D3000C5228263406910F4604F12D0410444BF31
:103D40004FF40050704700044FF4805158BF4FF4B7
:103D5000803108467047042100E001218163084654
:103D60007047000C0880002070470000002181602F
:103D7000C36840F24C414EF2001261F30B03C0F2F3
:103D8000F5520C21C36000F019B800008160C368CF
:103D900040F2594161F30B03192141F28832C360AB
:103DA00000F00CB88160C3684FF48B6161F30B03C2
:103DB000182141F28832C360AFF3008040F2100353
:103DC000C2F20003D3F800C044F6D353C1F2620339
:103DD000ACFB033C03464FEA5C205043013000BF7C
:103DE000013804BF4FF0004070475A6B12F0450F86
:103DF000F6D012F40062F3D1586B400742BF0420A2
:103E000098637047586BC0071EBF012098637047C6
:103E1000C52098631869C0B288421CBF0120704752
:103E200058694EF20801CFF6FF51084204BF002046
:103E30007047002844BF4FF000707047410044BFF6
:103E400040207047810044BF80207047C10044BFBC
:103E50004FF480707047010144BF4FF40070704709
:103E6000410144BF4FF480607047C10144BF4FF42B
:103E700000607047010244BF4FF480507047410218
:103E800044BF4FF400507047810244BF4FF480405C
:103E90007047C10244BF4FF400407047410344BF24
:103EA0004FF400307047810344BF4FF480207047C7
:103EB000C10344BF4FF400207047010444BF4FF4D6
:103EC00080107047410444BF4FF4001070478104D4
:103ED00044BF4FF48000704700074FF4000058BF04
:103EE0004FF48030704700002DE9F04188B00C4657
:103EF0000546FCF77FFE06460021286801910091E7
:103F00000821FFF7C7FD014600283FD1296D286829
:103F10000904FFF781FD0146C0BB4FF0FF3002905E
:103F20000820039030200490022005900020069085
:103F300001212868079102A9FFF72CFD2868FFF7E7
:103F4000ADFE014610BB0027E8460BE0FFF75AFD27
:103F500048F827000137FCF74DFE801B01304FF079
:103F6000004113D02868416B11F02A0F05D1416B35
:103F70008902EBD4416B8904EDD4416B09075CBF26
:103F8000416B5FEA815105D508218163084608B07D
:103F9000BDE8F081416B89070DD4416B89060DD4D2
:103FA00040F23A518163DDE9001000BA09BAC4E970
:103FB00000010021EAE702218163E7E72021816314
:103FC000E4E7000010B540F20C04C2F20004012046
:103FD0002070FCF7B5F908B1207810BD207800F00A
:103FE000FE002070207810BD10B588B040F20C00A3
:103FF000C2F200000078C0070CD1084603290CD893
:104000001446DFE800F00B020D136846FCF784F954
:1040100006980FE0032008B010BD042008B010BDC2
:104020006846FCF779F90798208004E06846FCF7B9
:1040300073F907982060002008B010BD10B59C46A9
:104040004EF200130846C0F2F55311466246FCF7E3
:104050009DF940B947F65F14CFF6FE74FCF764F99A
:1040600018B10134FAD3012010BD002010BD0000AA
:1040700010B540F20C04C2F2000401202070FCF7DD
:1040800053F908B1207810BD207800F0FE002070B0
:10409000207810BD10B59C464EF200130846C0F2C1
:1040A000F55311466246FCF785F940B947F65F14AF
:1040B000CFF6FE74FCF738F918B10134FAD30120B9
:1040C00010BD002010BD0000000000000000000036
:1040D000074B19680868B0E8F00F80F30988BFF350
:1040E0006F8F4FF0000080F311884EF00D0E704777
:1040F0001C6300200A2002F0A3FAFBE741F2A0298A
:10410000C2F200094FF0640A4FF0380803E000BF24
:10411000012002F095FAD9F8000047685FB9F7E787
:10412000288A00F03C0120F4707040EA01102882D7
:104130007F68002FECD03D6868690028F8D0804780
:10414000298A0446C1F34000A0421FD1FCF752FD6A
:10415000298AD5F804C0AB684E0B1CF83620C31A68
:10416000934275D9084664F30000E2074FEA9104D0
:10417000288219D114F00F0201D0052A1ED101F0B6
:104180003C01142964D120F03C0060E004F00100FF
:1041900021F0020141EA40002882FCF72BFD7F68F4
:1041A000A860002FC7D1B3E704F00F04012C0AD098
:1041B00044BB40F0040020F0380048E040F0140018
:1041C00020F0280043E00CEBC602527802FB0AF212
:1041D000934217D940F0080020F034002882FCF701
:1041E00009FD298A6A6808EA91231A44EB689279E2
:1041F000C01A02FB0AF2904217D241F0180020F0D8
:10420000240024E001F03C060C2E14D0082E1FD10F
:1042100008EA91226244528802FB0AF2934208D9CA
:1042200040F00C0020F0300011E0FCF7E3FCE86007
:104230000EE00C2E0CD108EA91216144898801FB23
:104240000AF18B4204D940F0100020F02C002882A3
:10425000288AC0F38311C0F3830081423FF460AF2A
:10426000A969002918BF88475AE7000040F2FF7A81
:1042700045F2202BCFF6F07AC2F2000B4FF00A097C
:1042800003E000BF012002F0DBF945F21420C2F286
:1042900000000068466886B9F4E700BFD8F814103B
:1042A000002088479BF80000B0F10A0118BF411CAC
:1042B00076688BF80010002EE4D0D6F80080D8F88D
:1042C0000C0018B3FCF796FCD8E90341D8F8043089
:1042D000C1F3841505EBC51203EB420292F800719D
:1042E000001B07EB8707B0EB470F19D945EAC5104C
:1042F00003EB4003C1F3C72001301B5C002B4CD003
:1043000001EA0A0141EAC02002E000BFD8F810002B
:1043100040F40020C8F81000FCF76CFCC8F80C0052
:10432000D8F81000D8F80410C0F3841202EBC212BF
:1043300001EB4201C0F3C7228B5C303B112B6BD8E1
:104340000FF2080707EB8307BF4600BF00F022B853
:1043500000F03AB800F03AB800F03AB800F03AB8D5
:1043600000F03AB800F03AB800F03AB800F03AB8C5
:1043700000F03AB800F050B800F04EB800F04CB879
:1043800000F04AB800F048B800F046B800F044B871
:1043900000F04DB820F470002AE092F801014007C7
:1043A00048D4880642BF21F4FC6061F38A10C8F843
:1043B0001000D8F8100020F40020C8F8100076682B
:1043C000002E7FF47AAF5DE701210FE002210DE0BE
:1043D00003210BE0042109E0052107E0062105E0A7
:1043E000072103E0082101E0092100BF61F3175014
:1043F000C8F81000D8F810009BF80010C0F3035064
:10440000884298BF0A283FF649AFD8F8141000290F
:104410003FF444AF012044E7D8F8183040F470006E
:10442000002BC8F81000E5D088189847E2E769F338
:104430001750DDE701EA0A006AE7000070B596B0A0
:104440000CAC20462821FBF7AEFE01200C9010900A
:104450004FF4E01000254FF48031022615902046DD
:104460000B95CDE90955CDE90755CDE90555CDE9C0
:104470000355CDE90155CDE90D15CDE91361FDF7E2
:1044800021FC20B1EFF3108072B600BFFEE70F20D1
:10449000CDE907064FF48060CDE90A0507A802219F
:1044A0000995FDF7E7FA20B1EFF3108072B600BF6F
:1044B000FEE7102001900020069001A8FDF756FAB3
:1044C00018B1EFF3108072B6FEE716B070BD0000B1
:1044D0007047000045F66040C2F20000FEF76EBB78
:1044E00010B540F6FF3E0368C4F2000E43F2004CE4
:1044F0007045C4F2010C20DCB0F1804F2BD040F2AB
:104500000042C4F20002904225D040F60002C4F2FC
:10451000000290421FD0704523DCB0F1804F2ED0B6
:1045200040F20042C4F20002904228D040F600025D
:10453000C4F20002904222D025E040F60042C4F2CC
:104540000002904207D0604505D042F60042C4F216
:1045500001029042DFD14A6823F070031343704593
:10456000DBDD40F60042C4F20002904207D0604515
:1045700005D042F60042C4F20102904203D1CA685B
:1045800023F44073134323F080024B69D1F800E019
:104590008C681A4360450260C462C0F828E005D008
:1045A00042F60042C4F20102904201D1096901635E
:1045B000012141610169C90708BF10BD016921F0EE
:1045C0000101016110BD0000406A0021C185C18464
:1045D000FEF710BC81B090F8421022291DD18268EC
:1045E000B2F5805F02D10169002948D0816AB2F535
:1045F000805F07D00AB9026922B10268526802F0EE
:104600007F0201E0026852680A70816A01318162AA
:10461000C18D01390A04C18501D001B0704701681C
:10462000CA6822F02002CA60CA6822F48072CA6096
:104630004A6922F001024A61202180F842100021DB
:104640004163026B012A23D1016300BF016851E875
:10465000031F026821F0100142E80313002BF5D17B
:1046600001680A68D20606D5002200920A68009204
:10467000496800910099818D01B0FEF797BB0168F0
:10468000826A49686FF35F2122F8021B8262BFE7EA
:1046900001B0FEF767BE000045F6F040C2F2000030
:1046A000FEF7AABB80B5D0F8B4225268904700202C
:1046B00080BD000080B513460A46002100F00EF9C7
:1046C000002080BD80B513460A46002100F0BCF9E9
:1046D000002080BD80B50521C0F894120021002281
:1046E000002300F0FBF8002080BD000080B51346D9
:1046F0000A460221C0F894120021C0E9073300F0F5
:10470000A3F9002080BD000080B50421C0F89412F8
:1047100000210022002300F097F9002080BD000056
:1047200080B5D0F8C002FCF769FB40F200220223FA
:10473000C100C0F20122042838BF22FA01F3D8B226
:1047400080BD0000B0B5044669B1D4F8B402426936
:104750003AB194F89C02032803D1204690470020E8
:1047600050E00220B0BDD4F89402002818BF0428FD
:1047700004D12046802100F04BF93AE0022838D1DC
:10478000D4E90810814208D9081A83B22062204671
:1047900011461A46FFF796FF13E0E169814217D3ED
:1047A000B1FBF0F202FB101090B9D4F898028142EC
:1047B0000ED22046002100220025FFF783FFC4F817
:1047C0009852204600210022002300F087F810E0D4
:1047D000D4F8B402C16829B194F89C02032801D12D
:1047E000204688472046802100F012F92046FFF736
:1047F00071FF94F8A00201284FF0000004BF84F874
:10480000A002B0BDB0BD0000B0B5044669B1D4F897
:10481000B40282693AB194F89C02032803D120467D
:10482000904700251AE00220B0BDD4F8940200257C
:10483000052815D0032811D1D4E95810814217D981
:10484000091AC4F86011814238BF084683B2204675
:1048500011461A46FFF72EFF0020B0BD2846B0BD16
:1048600020460021C4F8945200F0D2F82846B0BD8A
:10487000D4F8B402016929B194F89C02032801D14B
:10488000204688472046FFF73FFF0020B0BD0000CC
:104890004AB2D0F8C00201F07F0101EB810100EBC8
:1048A000C10000F5A971002A48BF00F11201087883
:1048B0007047000080B59446D0F8C0021A4663469F
:1048C000FCF7CCFA40F200220223C100C0F2012220
:1048D000042838BF22FA01F3D8B280BD80B5D0F8E1
:1048E000C002FCF7EBFA40F200220223C100C0F242
:1048F0000122042838BF22FA01F3D8B280BD00009B
:10490000F0B581B000210022402304460025402656
:10491000FFF7D0FF01272046802100224023C4F862
:104920005871C4F86461FFF7C5FFD4F8B802A761F5
:10493000666284F89C72C4F894526560C4F8A4520C
:1049400028B1D4F8B40200214268204690470020E4
:1049500001B0F0BD90F89C12042904BF90F89D129C
:1049600080F89C120020704780B590F89C120329B3
:1049700005D1D0F8B412C969002918BF88470020B2
:1049800080BD0000024600201174704780B5D0F849
:10499000C002FCF7BBFF40F200220223C100C0F2BC
:1049A0000122042838BF22FA01F3D8B280BD0000EA
:1049B000B0B500F52A750446284600F057F894F87B
:1049C000A8020121B4F8AE22C4F8941200F01F012D
:1049D0000229C4F8982208D001290CD089B92046B0
:1049E000294600F05DF80020B0BD2046294600F0C1
:1049F00029FA0020B0BD2046294600F0C1FA002067
:104A0000B0BD00F08001204600F002F80020B0BDEB
:104A100080B5D0F8C002FCF76BFA40F20022022306
:104A2000C100C0F20122042838BF22FA01F3D8B233
:104A300080BD0000014690F89C02042281F89D028E
:104A4000002081F89C22704780B5D0F8C002FCF7A6
:104A500087FA40F200220223C100C0F2012204289A
:104A600038BF22FA01F3D8B280BD00000A78027084
:104A70004A7842704A8842808A888280C988C18088
:104A80007047000080B5D0F8B42232B11268904768
:104A9000002818BF0120400080BD022080BD00001A
:104AA00070B582B00D460978044611F060010AD055
:104AB000402901D0202928D1D4F8B402294682689F
:104AC0002046904729E06878092839D8DFE800F0C7
:104AD00005283841386F84384B5D94F89C020138C2
:104AE000022800F29A80E888022840F0CD80D4F8AD
:104AF000A4020322002808BF0122214641F80C2FFE
:104B000020460222FFF7F2FD07E020468021FFF752
:104B10007FFF20460021FFF77BFF002002B070BD21
:104B200094F89C020138022800F2808068880128ED
:104B3000F3D10020C4F8A4022046FFF7E5FDECE71E
:104B400020468021FFF764FF20460021FFF760FF29
:104B5000E3E768880128E0D10120C4F8A4022046D8
:104B6000FFF7D2FDD9E7E888012868D194F89C02C4
:104B7000411E022980F091800020214641F8080F53
:104B800020460122FFF7B2FDC7E7688845F280653D
:104B9000C1B2C2F200050229287059D320468021F3
:104BA000FFF736FF20460021FFF732FFB5E7A88860
:104BB00050BBE88840BB68887F2825D894F89C12B1
:104BC000032940F0EA8020468021FFF721FF20469C
:104BD0000021FFF71DFFA0E768884FF0FF3101EBD0
:104BE000102100220629ADF8062000F20381DFE83B
:104BF00011F0070072005C00010101017F008900D3
:104C0000D4F8B0020268EEE020468021FFF700FFF2
:104C100020460021FFF7FCFE7FE720468021FFF7BA
:104C2000F7FE20460021FFF7F3FE76E720468021BD
:104C3000FFF7EEFE20460021FFF7EAFE6DE7204673
:104C40008021FFF7E5FE20460021FFF7E1FE64E743
:104C500094F89C02032835D0022861D1002900F085
:104C60007580032084F89C0220466160FFF70AFFEC
:104C7000022840F07A8020468021FFF7C9FE2046B6
:104C80000021FFF7C5FE48E720468021FFF7C0FE60
:104C900020460021FFF7BCFE3FE703284DD1211D30
:104CA00020460122FFF722FD37E7C0B2052800F2B7
:104CB000A180DFE800F00384888C9094D4F8B002DF
:104CC00042688FE0002945D06068012851D1204614
:104CD000FFF71AFD21E7217CD4F8B40200290CBFAC
:104CE000816AC16A0DF1060088470646022014E079
:104CF000207C00287ED1D4F8B402416B0DF106006F
:104D0000884774E0207C002874D1D4F8B402016B89
:104D10000DF106008847064607207070012073E0F9
:104D200020468021FFF774FE20460021FFF770FE29
:104D300029782046FFF7B6FCEFE620468021FFF7F2
:104D400067FE20460021FFF763FEE6E62046FFF7F8
:104D5000DBFCE2E6022084F89C0220466160FFF75B
:104D6000A1FC2046FFF7D0FCD7E62046FFF7CCFC9D
:104D7000D3E6C1B22046FFF795FC29782046616052
:104D8000FFF780FE022858D120468021FFF740FE21
:104D900020460021FFF73CFEBFE600F07F052046DD
:104DA000294684F89E52FFF7F1FD2046FFF7ACFC40
:104DB000002D0CBF0120022084F89C02ADE6D4F83F
:104DC000B00282680EE0D4F8B002C2680AE0D4F8FB
:104DD000B002026906E0D4F8B002426902E0D4F8F9
:104DE000B002826932B1207C0DF10601904706467F
:104DF000012009E020468021FFF70AFE204600211D
:104E00000026FFF705FE002000283FF486AEBDF81F
:104E1000060050B1EA8842B1904238BF02462046AF
:104E20003146ADF80620FFF761FCE88800287FF4E2
:104E300074AE2046FFF768FC6FE62046FFF764FC7F
:104E40006BE60000B0B50A460978044611F060012F
:104E50000BD0402901D020291FD1D4F8B40211462B
:104E60008368204698470020B0BD50781179F0B192
:104E7000012836D0032863D194F89C02032834D14A
:104E8000508800286ED111F07F006BD0D0880028A8
:104E900068D12046FFF7BCFD64E020468021FFF783
:104EA000B7FD20460021FFF7B3FD0020B0BD94F808
:104EB0009C02032823D0022808BF5FEA41603FD14B
:104EC00001F07F0000EB800004EB800000F1140291
:104ED000090658BF00F5AA7200201060204611464E
:104EE00049E094F89C02032834D0022828D14806CF
:104EF00026D02046FFF78CFD2046802126E001F0D9
:104F00000F0000EB8000802904EB80002CBF80693B
:104F1000D0F85801A0B101F07F0000EB800004EB55
:104F2000800000F11405802938BF00F5AA754806F5
:104F30001DD02046FFF7ACFC002818BF012017E069
:104F400020468021FFF764FD20460021FFF760FD29
:104F50000020B0BD50880028A7D1480602D02046C6
:104F6000FFF7DEFB2046FFF7CFFB0020B0BD00209F
:104F70002860204629460222FFF7B8FB0020B0BD7A
:104F8000B0B50D460978044611F0600118BF4029FC
:104F900014D194F89C020138022811D828790228EB
:104FA0000ED8D4F8B4022946826820469047E98892
:104FB000002908BF00280DD00020B0BD2029E8D06E
:104FC00020468021FFF724FD20460021FFF720FD29
:104FD0000020B0BD2046FFF797FB0020B0BD0000C9
:104FE0002DE9F0410D78024691F803E000EB8503CE
:104FF00030F8250047F27067BEF1030F20EA07047E
:1050000007D80020DFE80EF002070D0A44F4007410
:1050100006E0012005E044F4806401E044F4C0644B
:10502000002048F28007CFF6FF7744EA07061E808B
:105030001E8840F60F7426402E4337431F800F7B97
:1050400048F2800C002F49D01C8840F60F6634408F
:1050500048F28006BEF1020F08BF06F580763443A1
:105060001C80B2F850400E8902EB05152C4426F046
:105070000106A4F80064B2F850204C892A4424F0B8
:105080000104A2F8084449781A88002902F48041F2
:1050900047D039B1198840F60F7211400CF58042A3
:1050A000114319801988490607D5198840F60F72EF
:1050B00011400CF1400211431980198840F63F72EB
:1050C00011400CF120024A40BEF1010F08BF41EA35
:1050D0000C021A80198843F60F7241E04E78B2F83C
:1050E0005080CC882F01002E24F001063ED0D1192B
:1050F0004144A1F800641988490607D5198840F68B
:105100000F7211400CF1400211431980198840F6CA
:105110003F72BEF1010F01EA020122D00CF1200220
:105120006FE039B1198840F60F7211400CF58042DA
:10513000114319801988490607D5198840F60F725E
:1051400011400CF1400211431980198843F60F7287
:1051500011400CF5405251401980198840F63F72B9
:10516000114041EA0C011980BDE8F081D41904EB2B
:105170000807A7F80864B2F850E004F20C4434F8C9
:105180000E606FF39F2624F80E6009693F290CD347
:10519000CF063EF804704FEA51164FF0FF3808BFB3
:1051A00008EB511647EA86210BE041B101F00106F8
:1051B0003EF8047006EB510147EA812106E03EF813
:1051C000041048F20006CFF6FF7631432EF80410A3
:1051D0001988490407D5198840F60F7739400CF52E
:1051E00080473943198035B1198843F60F72114051
:1051F0000CF5005205E0118843F60F7211400CF5D2
:10520000405251401980BDE8F081000000207047F5
:1052100080B50A7B0AB1002080BD0A784B7830F84F
:1052200022C04FEA4202B3B15FEA4C6348F2A00EDB
:105230000BD530F812C040F60F730CEA030C0EF1D8
:10524000200343EA0C0320F81230C9780129E2D088
:1052500040F63F7110E05FEA4C414BF2800E09D5F9
:1052600030F8121040F60F7319400EF580531943B1
:1052700020F8121043F60F7130F81230194081EA0D
:105280000E0120F81210002080BD000002460B78AD
:10529000487832F823C040F63F71002848F2900069
:1052A00008BF43F60F71CFF6FF7008BF00F57F60AF
:1052B00001EA0C014140002022F823107047000051
:1052C0002DE9F0474B78012B49D18A69D1F810A01C
:1052D0000F7B524528BF5246002F48F2B00C66D0D3
:1052E000CF780E6A022F40F0A38091F8009040F62C
:1052F0000F6E30F829704FEA4904564507EA0E0749
:1053000040F2F0800CF1D0052F43A6EB020E20F8FE
:105310001470C1F820E030F81440640600F12181D7
:10532000012B00F08081002B40F0A282B0F8506089
:1053300000EB091404F20447BC5B3F2A6FF39F247F
:10534000BC53C0F0D081D5064FEA5214F55B4FF044
:10535000FF3808BF08EB521445EA842485E20A7B33
:10536000002A42D0CA78012A00F08880022A40F040
:10537000AC80002B40F08481B0F850700A7807446C
:10538000120107F20446B75A6FF39F27B7520F690D
:105390003F2FC0F03581FC06945B4FEA57154FF064
:1053A000FF3C08BF0CEB571544EA852762E1130464
:1053B00010D0CB884F6900EB430693B201335B08F2
:1053C000023F06F57F7600BF37F8025F013B26F803
:1053D000045FF9D1B0F850300F78034403EB0713A2
:1053E000A3F8042440F63F72E3E08B690A699F1A30
:1053F00038BF00278F61B0F850700E7838BF1A465A
:10540000C319360103F20C47BD5B48F2B0036FF3DA
:105410009F253F2ABD535BD3D406F45B4FEA521558
:105420004FF0FF3C08BF0CEB521544EA8522B7E071
:10543000B71A0E780F6230F826707F0673D4012BEE
:1054400000F0CE80002B40F0DB81B0F8503000EB54
:10545000061707F20447FE5A3F2A6FF39F26FE52B3
:10546000C0F0E980D4064FEA5216DC5B4FF0FF35FE
:1054700008BF05EB521644EA8626BEE10A698F6929
:10548000BE1A3CBF00263A46012B8E6100F09C807C
:10549000002B40F04281B0F850700E78074436017E
:1054A00007F20447BD5B3F2A6FF39F25BD53C0F051
:1054B000B080D4064FEA5215F45B4FF0FF3C08BFB2
:1054C0000CEB521544EA852524E10120BDE8F08764
:1054D000002A64D002F00105F45B05EB520244EAB5
:1054E00082225FE0ACF130023A4320F81420B0F899
:1054F000502000EB09131A443304A2F804646CD062
:105500000A894B6900EB4207B2B201325208023BF2
:1055100007F57F7733F8026F013A27F8046FF9D166
:1055200040F63F7245E0012B62D0002B40F08481B1
:10553000B0F8503000EB061707F20C47FE5A3F2A2E
:105540006FF39F26FE52C0F08180D4064FEA5216B8
:10555000DC5B4FF0FF3508BF05EB521644EA8626A8
:1055600067E1012B7DD0002B40F0D681B0F8506070
:1055700000EB091404F20C47BC5B3F2A6FF39F2435
:10558000BC53C0F0BB80D5064FEA5214F55B4FF018
:10559000FF3808BF08EB521445EA8424B9E1F25BF6
:1055A00042F40042F25342F6D07203EB020C43F68F
:1055B0000F72097830F821301A4082EA0C0220F884
:1055C00021200020BDE8F087B0F850700E78074425
:1055D00007EB0617A7F804249FE040F63F72E8E7C0
:1055E000B0F8503000EB06173B44A3F8042407E161
:1055F000B0F8503000EB06173B44A3F80C241BE135
:10560000BFB307F00105945B05EB570744EA872712
:1056100035E0002A7DD002F00105F45B05EB520570
:1056200044EA852578E0B0F8504000EB09152C4499
:10563000A4F804241CE1002A00F0DE8002F0010638
:10564000DD5B06EB520645EA8626D8E0002A00F02C
:10565000EF8002F00106DD5B06EB520645EA862686
:10566000E9E0B0F8504000EB09152C44A4F80C24F4
:1056700052E1975B48F20005CFF6FF752F43975331
:10568000012B1CD0002B40F08580B0F850300A78F8
:105690000344120103F20C439F5A6FF39F279F525A
:1056A0000F693F2F15D3FC06D45A4FEA57164FF017
:1056B000FF3508BF05EB571644EA862767E0B0F8C8
:1056C00050200B7802440F6902EB0312A2F80C740D
:1056D00060E0002F5AD007F00106D55A06EB5707B5
:1056E00045EA872755E0002A00F0BE8002F0010459
:1056F000F55B04EB520445EA8424B8E0002A00F08C
:10570000078102F00104F55B04EB520445EA8424AE
:1057100001E1F55B45F40045F55348F2B006012B75
:1057200042F6D07719D01BBBB0F850700B78074405
:105730001B0107F20C47FD5A3F2A6FF39F25FD52CC
:105740001BD3D406DC5B4FEA52154FF0FF3C08BF79
:105750000CEB521544EA852246E0B0F850300D7843
:10576000034403EB051306EB070CA3F80C241EE718
:10577000A7F5E042A2F5756C19E7A2B302F00105A6
:10578000DC5B05EB520244EA82222FE0D75A47F451
:105790000047D752CA6942F6D073E2B10F7844F29B
:1057A000400530F8272002EA0506AE4248F2B00272
:1057B00018BF002E14D17B0030F8137040F60F761E
:1057C000374002F11006374320F8137042F6D073C9
:1057D00002EB030CEBE6A3F5E042A2F5756CE6E6FE
:1057E00002EB030CE3E6DA5B42F40042DA5342F6E2
:1057F000D07206EB020CDAE6DE5B46F40046DE53BE
:10580000130412D00B894F6992B200EB43060132A8
:105810005208BB1E06F57F7733F8026F013A27F86E
:10582000046FF9D140F63F72C3E640F63F72C0E61E
:10583000DE5B46F40046DE53130412D04B894F69F9
:1058400092B200EB430601325208BB1E06F57F7789
:1058500033F8026F013A27F8046FF9D140F63F722E
:10586000A7E640F63F72A4E6F45B44F40044F45328
:10587000D1F8148014040FD00C8995B200EB4404C5
:1058800001356F08A8F1020604F57F7436F8025F4F
:10589000013F24F8045FF9D108EB02060024D64545
:1058A0004E6184BFAEEB02049646012B0C621CD005
:1058B000002B40F08480B0F8502000EB091303F275
:1058C0000C439C5ABEF13F0F6FF39F249C5214D39C
:1058D0005FEACE674FEA5E14D75A4FF0FF3508BF34
:1058E00005EB5E1447EA842466E0B0F8502000EB34
:1058F00009131A44A2F80CE461E0BEF1000F5AD07B
:105900000EF00104D55A04EB5E0445EA842455E008
:10591000F45B44F40044F453D1F8148014040FD021
:105920004C8995B200EB440401356F08A8F10206DA
:1059300004F57F7436F8025F013F24F8045FF9D163
:1059400008EB02060024D6454E6184BFAEEB02048C
:105950009646012B0C621BD0002B4DD1B0F8502085
:1059600000EB091303F204439C5ABEF13F0F6FF39F
:105970009F249C5214D35FEACE674FEA5E14D75A35
:105980004FF0FF3508BF05EB5E1447EA842430E092
:10599000B0F8502000EB09131A44A2F804E42BE0FD
:1059A000BEF1000F24D00EF00104D55A04EB5E04C2
:1059B00045EA84241FE0D45A44F40044D4525FEAF8
:1059C0000E4212D04A891FFA8EF300EB42020133D5
:1059D0005B08B71E02F57F7637F8022F013B26F8E9
:1059E000042F40F63F72F7D1E3E540F63F72E0E561
:1059F000D45A44F40044D4525FEA0E4213D00A89C8
:105A00001FFA8EF300EB420201335B08B71E02F56A
:105A10007F7600BF37F8022F013B26F8042F40F6AF
:105A20003F72F7D1C5E540F63F72C2E545F6AC00DE
:105A3000C2F20000FBF7B0BAB0F8440070470000B3
:105A400000EB4200022B00F580620BD358080239AC
:105A5000043A00BF32F804CF013821F802CFF9D15F
:105A600002310432D8071CBF10880870704700004C
:105A7000002904BF8021A0F84C10002070470000CE
:105A8000002B08BF704700EB4202581C4008023947
:105A900002F57F7231F8023F013822F8043FF9D154
:105AA00070470000FEE70000AFF3008080B543F2CE
:105AB000914111A0C0F6000100F050FC43F25D419D
:105AC0000EA0C0F6000100F049FC43F28D510CA07D
:105AD000C0F6000100F042FC43F2C5410AA0C0F646
:105AE000000100F03BFC43F2295109A0C0F600017F
:105AF000BDE8804000F032BC4357000043435700EC
:105B000050555348000000004B455931000000003B
:105B10004B455932000000002DE9F04F81B083461B
:105B200045F66050C2F20000057845F65C508846A4
:105B300049F23051C2F2000046F22423C2F20001C1
:105B4000002D18BF0D460078C2F200031B781446E2
:105B50004AF23052002845F2A87740F20009C2F21A
:105B6000000218BF501A012BC2F20007C0F600094C
:105B700012D146F29471C2F200018A69CBF800207A
:105B800049693A780139002A18BF4A4691420DD234
:105B900000264FF0010A28E06946EFF309824FF032
:105BA000000A91424FF0000625D02AE045F2A47386
:105BB000C2F200031B78BC4648F66877C0F60007BF
:105BC000002BA7EB090718BF3A440026B8F1020FD3
:105BD0004FF0010A08D3674691429EBFCBF80410EC
:105BE00001264FF0020A00E0674646F22521C2F284
:105BF0000001097829B101F02DFD054601F032FDC3
:105C000080002844A04251D9397845F2A473C2F2E9
:105C10000003002918BF49461B7848F668750A1D1D
:105C2000C0F6000586F0010CA5EB0905002B18BF96
:105C3000294406E04BF82A600AF1010A0434844240
:105C400034D22568EB07F9D06E1E9642F6D38E4209
:105C500098BFBAF11F0FF1D835F8033C03F4784729
:105C6000B7F5784F09D135F8057C07F47847B7F5D3
:105C7000704F02D101234BB9E0E723F0FF03A3F5F6
:105C80008E43B3FA83F35B09002BD7D0C245D5D23C
:105C9000BAF1020318BF012353EA0C03CAD1DBF89F
:105CA00004309E42C6D14FF0020AC7E7504601B009
:105CB000BDE8F08F2DE9F04385B045F65952C2F2A8
:105CC00000021278DAB1054646F22420C2F2000042
:105CD00088460178012928D148F6F22048F6843216
:105CE000C0F600000FF28051C0F6000202F078FB0F
:105CF00048F6F020C0F6000002F018FEFEE748F675
:105D0000F22048F64F3148F68432C0F60000C0F663
:105D10000001C0F6000202F063FB48F6F020C0F676
:105D2000000002F003FE00BFFEE701210170202009
:105D300002F0F6FD48F6F026C0F60006304602F006
:105D4000F5FD48F6573045F2BC7145F6385246F23B
:105D5000D973C0F60000C2F20001C2F20002C2F222
:105D6000000302F03DFB304602F0E0FD46F2252143
:105D7000C5F38000C2F2000115F0040F08700AD1CB
:105D80000FF2644002F02CFB48F6F020C0F6000051
:105D900002F0CCFD14E001F019FC18B101F016FC82
:105DA000014601E00FF21C410FF2204002F018FB07
:105DB00048F6F020C0F6000002F0B8FDEFF30988C5
:105DC00048F61030C0F6000002F00AFB48F6F02951
:105DD000C0F60009484602F0A9FD46F29477D8F8CB
:105DE0001030C2F20007D8E90020D8E902143B6164
:105DF000D8F814300FF214467B61D8F818303A60A6
:105E0000BB61D8F81C307860B960FC60FB61CDE9FB
:105E1000000648F697360FF2F033C0F60006CDE9DB
:105E200002130FF2EC310FF2EC333046049402F01F
:105E3000D7FA484602F07AFDD7E90420D7E90614DC
:105E40000FF2D4330FF2D435CDE90005CDE90213BA
:105E50000FF2CC310FF2CC333046049402F0C0FA8A
:105E6000484602F063FDF0A002F0BAFA484602F09C
:105E70005DFD4EF62450CEF20000016839620179D2
:105E800087F824100169B962417987F82C104169BB
:105E90003963C188B9868168B96382898907FA63E1
:105EA000008B38640BD548F6CA40C0F6000002F0FB
:105EB00097FA48F6F020C0F6000002F037FD97F898
:105EC0003B00400640F11F8197F82400002852D083
:105ED000C0070BD048F61050C0F6000002F080FA60
:105EE00048F6F020C0F6000002F020FD97F82400EC
:105EF00080070BD548F64740C0F6000002F070FA64
:105F000048F6F020C0F6000002F010FD97F82400DB
:105F100000070BD548F6EF50C0F6000002F060FA1B
:105F200048F6F020C0F6000002F000FD97F82400CB
:105F3000C0060BD548F6B850C0F6000002F050FA83
:105F400048F6F020C0F6000002F0F0FC97F92400BB
:105F5000B0F1FF3F0FDC10F003000CD0B96A48F637
:105F6000D930C0F6000002F03BFA48F6F020C0F647
:105F7000000002F0DBFC97F82C00002860D0C0077E
:105F80000BD048F6B960C0F6000002F029FA48F6D6
:105F9000F020C0F6000002F0C9FC97F82C00800742
:105FA0000BD548F66960C0F6000002F019FA48F611
:105FB000F020C0F6000002F0B9FC97F82C00400772
:105FC0000BD548F69060C0F6000002F009FA48F6DA
:105FD000F020C0F6000002F0A9FC97F82C000007A2
:105FE0000BD548F6FD60C0F6000002F0F9F948F65E
:105FF000F020C0F6000002F099FC97F82C00C006D3
:106000000BD548F6DA60C0F6000002F0E9F948F670
:10601000F020C0F6000002F089FC97F82C0000F098
:10602000820082280CD1396B48F6C030C0F60000DF
:1060300002F0D6F948F6F020C0F6000002F076FC37
:10604000B88E00285FD097F83400C0070BD048F610
:106050004750C0F6000002F0C3F948F6F020C0F641
:10606000000002F063FC97F8340080070BD548F677
:10607000F830C0F6000002F0B3F948F6F020C0F6A0
:10608000000002F053FC97F8340040070BD548F6A7
:10609000A540C0F6000002F0A3F948F6F020C0F6D3
:1060A000000002F043FC97F8340000070BD548F6D7
:1060B0006E50C0F6000002F093F948F6F020C0F6EA
:1060C000000002F033FC97F83500C0070BD048F60B
:1060D0002040C0F6000002F083F948F6F020C0F638
:1060E000000002F023FC97F8350080070BD548F636
:1060F0002070C0F6000002F073F948F6F020C0F6F8
:10610000000002F013FCB86BB0F1FF3F52DCF86BFB
:1061100000284FD097F83C00C0070BD048F64760E6
:10612000C0F6000002F05CF948F6F020C0F600006E
:1061300002F0FCFB97F83C0080070BD548F6ED40D9
:10614000C0F6000002F04CF948F6F020C0F600005E
:1061500002F0ECFB97F83C0040070BD548F6824074
:10616000C0F6000002F03CF948F6F020C0F600004E
:1061700002F0DCFB97F83C0000070BD548F697507F
:10618000C0F6000002F02CF948F6F020C0F600003E
:1061900002F0CCFB97F83C00C0060BD548F6266011
:1061A000C0F6000002F01CF948F6F020C0F600002E
:1061B00002F0BCFB08F1200005B0BDE8F04300F0A0
:1061C0000FBB00BF4E4F5F4E414D4500D4DACFDFCD
:1061D000B3CC28257329D6D0B7A2C9FAB4EDCEF333
:1061E000D2ECB3A300000000D4DAD6D0B6CFBBF215
:1061F000C2E3BBFABBB7BEB3CFC2B7A2C9FAB4ED14
:10620000CEF3D2ECB3A30000523320005232200070
:106210005230200052312000505352005043200091
:10622000523132004C5220003D3D3D3D3D3D3D3D13
:106230003D3D3D3D3D3D3D3D3D3D3D3D3D3D3D3D8E
:106240003D3D3D3D3D3D3D3D3D3D3D3D3D3D3D3D7E
:106250003D3D3D3D3D3D3D3D3D3D3D3D3D3D3D3D6E
:106260003D3D3D3D3D3D0000216F6E5F6661756CBB
:1062700074000000B0B50D46014645F2BC701446EE
:10628000C2F200002022F9F799FF45F63850C2F219
:10629000000029462022F9F791FF46F2D970C2F298
:1062A000000021462022F9F789FF45F66051C2F22D
:1062B00000010120087045F65C51C2F2000108702F
:1062C00045F2A871C2F20001087049F230514AF259
:1062D0003052C2F20001C2F20002511A45F2A4711A
:1062E000C2F2000108700AD108A002F079F848F65D
:1062F000F020C0F60000BDE8B04002F017BB45F644
:106300005951C2F200010870B0BD00BFB4EDCEF328
:10631000A3BACEDEB7A8BBF1C8A1D6F7D5BBD0C50E
:10632000CFA2A3ACC7EBBCECB2E9D6F7D5BBB5C4E2
:10633000CFE0B9D8C5E4D6C30000000080B582B074
:10634000019045F6F040C2F2000001A901224FF48D
:106350007A73FDF709F8019802B080BDF0B581B0FD
:1063600081B1054641F2A020C2F2000006680C4649
:1063700076683EB1376829463868F9F732FF002859
:10638000F6D1BC6101B0F0BDF0B581B041F2A026FC
:10639000C2F200063168044611B9FDF767F93060B2
:1063A00035682F467F684FB1386821680068F9F773
:1063B00018FF0028F6D1002001B0F0BD2846214684
:1063C000FDF760F941F2A424C2F20004206800281D
:1063D0004FF001000ED1316861B144F2FD0048F682
:1063E0008412C0F60000C0F60002002100F082F91D
:1063F0002060012001B0F0BDF0B581B045F2142657
:10640000C2F200063168044611B9FDF72FF9306079
:1064100035682F467F684FB1386821680068F9F702
:10642000E0FE0028F6D1002001B0F0BD284621464C
:10643000FDF728F945F21824C2F20004206800286C
:106440004FF001000ED1316861B144F26D2048F681
:10645000A812C0F60000C0F60002002100F04AF9C0
:106460002060012001B0F0BD2DE9F04F81B000287F
:1064700000F0A3800E46002900F09F80074645F2F9
:106480001420C2F20000D0F800A0BAF1000F00F012
:106490009480DDF828B030461C469146F9F79AFE04
:1064A000804600BFDAF804A0BAF1000F00F0858042
:1064B000DAF8005039462868F9F793FE0028F1D140
:1064C00029696868C1F3841101EBC11100EB410136
:1064D00091F8011101F00301A1426ED8297A5FFA07
:1064E00088F701EBC11100EB410040F2000AA0F572
:1064F000817031463A46CFF6F87AF9F73BFE287AB2
:10650000696800EBC01001EB40004FF6FE613844B3
:10651000CFF6FF7100224254287A696800EBC01060
:1065200001EB400000F8029C287A696800EBC0107B
:1065300001EB400010F8011C04F0030201F0FC0123
:10654000114400F8011C287A696800EBC01001EBC7
:10655000400010F8011C0BF0010201F0FB0141EAC0
:1065600082010B9A00F8011CBAB1287A696800EB25
:10657000C01201EB420111F8011C49070DD4296931
:106580000138C1F3841201EA0A0100F01F0041EA58
:106590008010104340F020000CE02869297A40F078
:1065A000200001390AF13F022861104001F01F016B
:1065B00040EA81100021C5E9031001B0BDE8F08F69
:1065C00080B541F2A820C2F2000043F6687140583D
:1065D00008B9FFE714E041F2A820C2F2000043F638
:1065E00068714058804758B1FFE741F2A821C2F2D4
:1065F000000143F64872885C00F0FB008854FFE716
:1066000080BD0000FAF70AFBFDF718FFFDF79CF8C4
:10661000FDF74CF8FDF734F9FDF71AF9FDF770F8BE
:10662000FDF772F9FDF752F9F9F7F4FEFFF73CFABE
:1066300000F020F8FDF776F800F03AF8FEE70000E9
:1066400080B5EFF3058111B9EFF3108111B16FF04F
:10665000050080BD41F29C21C2F2000109680229B7
:1066600003D1EFF311810029F1D108B100F044FF0B
:10667000002080BDEFF3058010B9EFF3108010B15A
:106680006FF00500704741F29C20C2F200000168E3
:10669000022903D1EFF311810029F1D1016800290A
:1066A00011BF4FF0FF300121016000207047000052
:1066B00080B5EFF3058010B9EFF3108010B16FF0E3
:1066C000050080BD41F29C20C2F200000168022951
:1066D00003D1EFF311810029F1D1016801291CBF19
:1066E0004FF0FF3080BD0221016000F0C3FF0020A9
:1066F00080BD000070B586B00B4600210491EFF319
:10670000058111B9EFF3108111B1049806B070BD85
:1067100041F29C21C2F200010968022905D100283A
:10672000EFF31181F1D011B1EFE70028EDD0002493
:106730000DF117018DF8174052B31568D2F818E023
:10674000002D18BF2946BEF1000F08BF4FF0180EEC
:10675000BEF1380F19D81579ED0716D1556994682F
:106760004FEA950C002D08BF4FF0800C44B1D6685D
:106770005C2E04D31669002E18BF002D2CD10CB945
:10678000D4681CB30024002507E0002006B070BDCB
:1067900001254FF0180E4FF0800C4CB1946812692F
:1067A0000294CDE900E2624601F07CFB0490ACE784
:1067B000002DAAD004AC1FFA8CF2CDF800E00194B1
:1067C00001F002FB0128A0D00020EFE71469B4FA21
:1067D00084F465090024E0E700250124DDE70000DA
:1067E0002DE9F04FA1B001AD044628468021F9F70C
:1067F000DAFC2846202122464FF0200AFFF78CF9C8
:1068000020B345F28168C2F200088146A8F109066A
:106810002C1F0FF2500B054654F8042F06F1090700
:106820003846594601F0ECFD86F811A0013D3E4680
:10683000F2D145F2BC7109EBC9030CA0C2F2000110
:106840001AA2CDF8008001F0CBFD02E019A001F002
:10685000C7FD48F6F020C0F6000021B0BDE8F04FBB
:1068600002F064B82530386C78000000B2E9BFB49B
:10687000B8FCB6E0BAAFCAFDB5F7D3C3D5BBD0C537
:10688000CFA2A3ACC7EBD4CBD0D0A3BA616464725F
:10689000326C696E65202D652025732573202D616E
:1068A0006670694320252E2A730000002E617866E9
:1068B00000000000BBF1C8A1BAAFCAFDB5F7D3C351
:1068C000D5BBCAA7B0DC0000F0B581B00D4648F2D8
:1068D000205146F21C36C2F20001C2F200060F68D7
:1068E00031680446081D00F0ABFC601C0BD155B1AB
:1068F0003068011D48F2F840C2F2000001B0BDE866
:10690000F04000F0FBBC3068E41944600BD346F261
:106910002C30C2F2000000683168043101B0BDE8DB
:10692000F04000F0CDBC46F22430C2F20000006816
:106930003168043100F0C4FC48F29040C2F200001B
:1069400001688C4238BF046001B0F0BD2DE9F0470A
:10695000044600F0E1FC48F21840C2F20000016871
:1069600046F21C3701310160C2F20007396848F273
:10697000EC4A46F23436C2F2000AC2F2000651B1C5
:10698000DAF8000000283ED13868E16AC06A88421F
:1069900098BF3C6037E03C600068012833D1002597
:1069A000701900F07DFC1435B5F58C6FF8D148F204
:1069B0005C48C2F20008404600F072FC48F27049A0
:1069C000C2F20009484600F06BFC48F29840C2F25F
:1069D000000000F065FC48F20C50C2F2000000F02C
:1069E0005FFC48F2F840C2F2000000F059FC46F2A9
:1069F0002430C2F20000C0F8008046F22C30C2F20F
:106A00000000C0F8009048F22840C2F2000001687F
:106A100001310160A16448F22C41C2F20001E06A38
:106A20000A68904288BF086000EB800006EB800097
:106A3000211D00F063FC00F093FCDAF8000088B13F
:106A40003868E16AC06A884228BFBDE8F0874EF620
:106A50000450CEF200004FF080510160BFF34F8F21
:106A6000BFF36F8FBDE8F08770B582B000F054FCC3
:106A700048F22456C2F20006306850BB48F2304457
:106A8000C2F20004204600F00BFC48F24445C2F27A
:106A90000005284600F004FC46F22030C2F2000057
:106AA000046046F23030C2F2000046F2262246F27E
:106AB000C82305600025C2F20002C2F200030A20CA
:106AC0001021009500F0ECFE306010B103A100F041
:106AD000DBFC02B0BDE8704000F042BC546D725166
:106AE0000000000048F21C4546F2343A4EF60458C5
:106AF00048F20C5748F21846C2F20005C2F2000AEA
:106B0000CEF200084FF08059C2F20007C2F2000630
:106B100003E000BF204600F03BFC2868C8B100F04D
:106B2000FBFBF868C468201D00F08AFB3068013860
:106B3000306028680138286000F012FC94F85D008D
:106B40000228EAD00128E5D080B9206B00F020FCB3
:106B5000E0E7DAF80000022805D3C8F80090BFF398
:106B60004F8FBFF36F8F00F099FBD6E74FF05000C7
:106B700080F31188BFF36F8FBFF34F8FFEE70000E4
:106B800006480068006880F3088862B661B6BFF303
:106B90004F8FBFF36F8F00DF00BF000008ED00E0F4
:106BA0002DE9F04F85B0824601F0F4F946F218392C
:106BB000C2F20009D9F800100546884247D246F2D1
:106BC0002034C2F2000420680168002941D048F254
:106BD000245BC2F2000B08E07860206831463F6118
:106BE00000F06EFB2068016899B3C068C768D0F8F0
:106BF00000803E1D304600F023FB796A3846884706
:106C0000F8690128EED1B86940444045E4D887B31B
:106C1000DBF8000078B10020CDE90108039701F00E
:106C2000A5F9DBF8000001A90022002300F0A6FE70
:106C30000028D7D102E000200028D3D14FF0500027
:106C400080F31188BFF36F8FBFF34F8FFEE70020F3
:106C500007E046F23031C2F200010A680860012004
:106C60002260CAF800002846C9F8005005B0BDE807
:106C7000F08F4FF0500080F31188BFF36F8FBFF398
:106C80004F8F00BFFEE7000081B00020009041F26E
:106C90003800C2F2000000684FF0500181F3118803
:106CA000BFF36F8FBFF34F8F013001D0FEE700BFFE
:106CB00000980028FCD001B0704700008AB046F26E
:106CC000203B48F22458C2F2000B0DF10809C2F231
:106CD000000801ACDBF8000007681FB1C068D0F8FD
:106CE00000A001E04FF0000A00F016FD4846FFF753
:106CF00057FF029911B101F09DFA77E00546F7B10F
:106D000055451CD301F096FADBF80000C068C7684F
:106D10003E1D304600F094FAF86901285FD1B96948
:106D20003F6101EB0A00A842786030D955454ED248
:106D3000504546F22030C2F2000030D24BE00FB195
:106D4000002208E046F23030C2F20000006800681D
:106D5000B0FA80F04209D8F80000AAEB050100F073
:106D6000A7FB01F067FA46F230360028C2F20006AF
:106D70004FF0010A44D14EF60450CEF200004FF01D
:106D800080510160BFF34F8FBFF36F8F38E0A5EBE9
:106D90000A00884246F23030C2F200001BD3002FB6
:106DA00000F0C380D8F8000070B10020CDE9060AD9
:106DB000089701F0DBF8D8F8000006A900220023AC
:106DC00000F0DCFD58B9BAE0002040B9B7E046F267
:106DD0002030C2F200000068314600F071FA796A92
:106DE0003846884746F2203BC2F2000B46F2303666
:106DF000C2F200064FF0010A02E0306800F060FACB
:106E0000D8F800004946002200F0C2FE00283FF4F6
:106E100061AF0298B0F1FF3F03DCDDE90320059983
:106E2000904702980028EBD4049F786910B1381D70
:106E300000F006FA2046FFF7B3FE02990929DFD8D1
:106E40000AFA01F212F0C70F0ED0039ABD69394653
:106E5000AB1841F8043F83423F6118D9904211D2E8
:106E6000934217D20EE000BF12F4047F30D0039992
:106E70000029B96145D00A18394641F8042F8242E9
:106E80003F61BAD9DBF8000000F01AFAB8E7801ABF
:106E9000A842B2D3796A38468847F8690128AFD149
:106EA000002F38D0D8F80000F0B10398B9690897DE
:106EB00008440021CDE9061001F058F8D8F8000088
:106EC00006A90022002300F059FD002898D10FE008
:106ED00005297FF495AF97F82C0000287FF490AF38
:106EE000384600F055FA8BE7002000287FF488AF81
:106EF0004FF0500080F31188BFF36F8FBFF34F8FB7
:106F0000FEE74FF0500080F31188BFF36F8FBFF39F
:106F10004F8F00BFFEE74FF0500080F31188BFF3A2
:106F20006F8FBFF34F8F00BFFEE74FF0500080F32D
:106F30001188BFF36F8FBFF34F8F00BFFEE74FF095
:106F4000500080F31188BFF36F8FBFF34F8F00BFE6
:106F5000FEE70000F0B581B0044600F0DDF994F9D9
:106F60004560012E0FDB04F1240500BF286850B1F5
:106F7000284601F017F9002818BF00F01FFB70B277
:106F8000013E0128F2DCFF2684F8456000F0E8F9B4
:106F900000F0C2F994F94470012F0EDB04F11005E2
:106FA000286850B1284601F0FDF8002818BF00F00D
:106FB00005FB78B2013F0128F2DC84F8446001B09F
:106FC000BDE8F04000F0CCB9F0B581B0044600F067
:106FD000A3FB46F22831C2F20001086848F2584784
:106FE000C2F2000780BB46F2FA72C2F20002D61D5E
:106FF00026F0070612F00703A2EB060518BF32467B
:1070000048F2F046C2F200060020C6E900204FF424
:10701000A056002B18BF05F5A056931923F00703BF
:10702000A3F108060E6043E90200B01AC2E900604D
:1070300048F28C42C2F20002106048F28442C2F26E
:1070400000021060012038703878002818BF4FF017
:10705000004020420DD0002401F0ECF8600712D06F
:107060004FF0500080F31188BFF36F8FBFF34F8F45
:10707000FEE75CB160071ABF24F0070000F11003BF
:1070800004F1080303E0204601B0F0BD0023002B0B
:107090004FF00004E0D048F2844CC2F2000CDCF85F
:1070A00000008342D8D848F2F044C2F200042668B7
:1070B00075689D420FD232684AB100BF55683446A8
:1070C00016469D4207D23268002AF7D103E048F203
:1070D000F044C2F2000408688642BCD0D4F800E054
:1070E0003068EA1A112A20602FD3F418600708D0FC
:1070F0004FF0500080F31188BFF36F8FBFF34F8FB5
:10710000FEE748F2F045C2F200056260736000BF1E
:107110002B462D68A542FBD35A689818A04203D18C
:1071200060681C46104458606268A018A84201D0EC
:10713000294606E009688D4203D0D5E900101044C5
:107140006060A342216018BF1C6048F28C417068E7
:10715000DCF80020C2F200010B68121A9A42CCF847
:10716000002038BF0A6038780EF1080471680028E2
:107170004FF0000018BF41F00041C6E900016BE785
:10718000034646F68940C0F600004FF0807C21F0AF
:10719000010103E90310A3F1400043F8202C7047DC
:1071A00080B58C46591E4FF0000EC0E900EEC0E9D4
:1071B0000221C0F810C003FB02F16046F8F7F3FFAC
:1071C00080BD000070B5054614460068EA686B682B
:1071D000161A33440133A34238BF1C4600EA0203A7
:1071E000E61896420E461CD9A968D5F810C0C0F121
:1071F000000E01FB03C002EA0E024A433146F8F7D3
:10720000B9FF2968D5E9022301EB040C4942194072
:10721000286901FB026103EA0C035A43F8F7AAFF4D
:1072200008E0A968286901FB04F201FB030031466C
:10723000F8F7A0FF286801192046296070BD0000FA
:10724000D0E9013201699A60D1F804C082688445AE
:10725000536008BF4A600022026108680138086074
:107260000868704741F24023C2F20003036041F214
:107270004000C2F2000008608020106070470000EB
:1072800045F22463C2F20003036045F22420C2F2F7
:10729000000008604FF48070106070477047000075
:1072A0004FF0FF31024642F8081F00214260C0E95A
:1072B0000322016070470000002101617047000057
:1072C00080B5D1F800C01CF1010207D000F108031D
:1072D0009E465B681A686245FAD901E0D0F810E072
:1072E000DEF8042008614A609160C1F808E0CEF839
:1072F000041001680131016080BD0000D0F800C0B9
:10730000436808619A684B608A609A689960516026
:107310000CF10101016070474FF0500080F31188BB
:10732000BFF36F8FBFF34F8F41F23800C2F20000FE
:1073300001684A1C026001B170474EF60450CEF25B
:1073400000000068000608BF70474FF0500080F34F
:107350001188BFF36F8FBFF34F8F00BFFEE70000B0
:1073600041F23800C2F20000016839B10139016010
:1073700018BF7047002080F3118870474FF050000D
:1073800080F31188BFF36F8FBFF34F8FFEE70000CC
:10739000B0B5002808BFB0BD044648F25840C2F25C
:1073A0000000007854F8041C002818BF4FF000407B
:1073B00008420CD0A4F108052A6892B14FF05000A1
:1073C00080F31188BFF36F8FBFF34F8FFEE74FF04D
:1073D000500080F31188BFF36F8FBFF34F8F00BF52
:1073E000FEE721EA000044F8040C00F095F948F2A9
:1073F0008441C2F2000154F8040C0A681044086089
:1074000048F2F041C2F2000108460968A942FBD3E4
:1074100042688318AB4204D154F8043C05461A4430
:1074200042606A68AB188B4201D00B460AE046F214
:107430002833C2F200031B68994203D0D1E900341B
:10744000A1186960A8422B6018BF0560BDE8B04074
:1074500000F0F0BE4EF21000CEF2000000210160FC
:10746000816040F21001C2F20001096844F6D35273
:10747000C1F26202A1FB02124FF0FF3101EB921147
:10748000416007210160704748F2AC4C0022C2F213
:10749000000C00BF5CF8323023B10132082A08BF6B
:1074A0007047F7E70CEBC2034CF832105860704796
:1074B00070B515460E460446FFF72EFF94F84400BB
:1074C000FF2804BF002084F8440094F84500FF28FA
:1074D00004BF002084F84500FFF742FFA06B28B9E5
:1074E00004F1240031462A4600F094F82046BDE815
:1074F0007040FFF72FBD000070B5002843D0044650
:1075000048F22440C2F20000016841B14FF050003F
:1075100080F31188BFF36F8FBFF34F8FFEE70168D1
:1075200046F21C350131016048F22050C2F20000E1
:10753000C2F20005066828680430FFF781FE28685B
:10754000A419446009D346F22C30C2F2000000684E
:1075500029680431FFF7B4FE10E046F22430C2F28D
:107560000000006829680431FFF7AAFE48F2904045
:10757000C2F2000001688C4238BF046000F05AFE7D
:10758000002818BF70BD4EF60450CEF200004FF038
:1075900080510160BFF34F8FBFF36F8F70BD00004C
:1075A00048F29441C2F200010968016048F220519A
:1075B000C2F20001096841607047000048F22C5097
:1075C000C2F20000012101607047000046F21C3049
:1075D000C2F20000006834307047000010B570B18E
:1075E0000C4646F21C31C2F2000109681831FFF75F
:1075F00067FE20460121BDE81040FFF765B94FF056
:10760000500080F31188BFF36F8FBFF34F8F00BF1F
:10761000FEE70000B0B598B10D4646F21C31C2F24B
:107620000001096814461831FFF768FE002C18BFE6
:107630004FF0FF3528462146BDE8B040FFF744B97A
:107640004FF0500080F31188BFF36F8FBFF34F8F5F
:10765000FEE7000046F21C30C2F200000068006B3A
:107660007047000046F21C30C2F200000068406C17
:107670007047000010B586B0002405A804A903AA2D
:10768000CDE90444FFF7EEFDDDE903200599002371
:10769000CDE9010146F6E520C0F600001CA10094EA
:1076A00000F000FC48F28841C2F20001086010B10D
:1076B00000F05CFE0446601C20D0012C1CD14FF071
:1076C000500080F31188BFF36F8FBFF34F8F48F2E4
:1076D0009040C2F200004FF0FF31016048F2EC40F0
:1076E000C2F200000121016048F22050C2F2000005
:1076F0000021016000F066F806B010BD4FF05000A8
:1077000080F31188BFF36F8FBFF34F8FFEE700BF89
:1077100049444C450000000048F22440C2F20000F9
:10772000016801310160704748F22440C2F2000054
:10773000006830B148F22C50C2F200000121016013
:10774000704748F22C50C2F20000002148F22C4C45
:107750000160C2F2000CDCF8001046F2343201EB9A
:107760008103C2F2000252F8230048B902EB830001
:10777000A0F11403D9B153F8140901390028F9D044
:1077800001EB810002EB800252F8040F4368101DE8
:107790008342136001D158681060106846F21C32B1
:1077A000C068C2F200021060CCF8001070474FF0C1
:1077B000500080F31188BFF36F8FBFF34F8F00BF6E
:1077C000FEE70000B0B584B04EF20040CEF20000FB
:1077D000017847F6FA320291FF2101700178C2F276
:1077E00000028DF807109DF8071001F0500111708C
:1077F00047F6FC31C2F2000107220A609DF907201A
:10780000B2F1FF3F0BDC06220A609DF80730013A17
:107810005B008DF807309DF90730002BF4D40A681F
:10782000032A33D14FF4E06303EA02220A6002998B
:107830000170D0F8201941F47001C0F82019D0F877
:10784000201941F07041C0F82019FFF703FE41F202
:107850003804C2F2000400252560FFF791F9FFF714
:1078600063FF039520684FF0500181F31188BFF347
:107870006F8FBFF34F8F013002D000BFFEE700BF14
:1078800003980028FCD0002004B0B0BD4FF0500099
:1078900080F31188BFF36F8FBFF34F8FFEE70000B7
:1078A00070B582B068B11C46ABB1F1B9EAB14FF026
:1078B000500080F31188BFF36F8FBFF34F8F00BF6D
:1078C000FEE74FF0500080F31188BFF36F8FBFF3D6
:1078D0004F8F00BFFEE74FF0500080F31188BFF3D9
:1078E0006F8FBFF34F8F00BFFEE751B14AB94FF022
:1078F000500080F31188BFF36F8FBFF34F8F00BF2D
:10790000FEE750230193019B502B2CD1069E0123AF
:1079100084F84630002908BF22462260C4E90F01DE
:10792000FFF7FAFC2068D4E90F12002502FB0103DF
:10793000013901FB0201A563C4E90130FF20E160C8
:1079400084F8440084F8450004F11000FFF7A8FC17
:1079500004F12400FFF7A4FCFFF702FD204684F8A1
:107960004C6002B070BD4FF0500080F31188BFF33F
:107970006F8FBFF34F8F00BFFEE700002DE9F04F80
:1079800083B00292B8B11D460E460446E9B1022DFD
:1079900003D1E06B012840F0A68000F0E7FA00BBBD
:1079A0000298F0B14FF0500080F31188BFF36F8F51
:1079B000BFF34F8FFEE74FF0500080F31188BFF305
:1079C0006F8FBFF34F8F00BFFEE7206C0028DED023
:1079D0004FF0500080F31188BFF36F8FBFF34F8FCC
:1079E000FEE7FFF799FCA06B022D5ED0E16B8842A9
:1079F0005BD304F1100801206F460DF1080900BFA8
:107A00000299002900F08280C00702D03846FFF7B3
:107A1000C7FDFFF7A5FCFFF77FFEFFF77DFC94F89D
:107A20004400FF2804BF002084F8440094F8450077
:107A3000FF2804BF002084F84500FFF791FC38467A
:107A4000494600F079F9002863D1FFF765FCD4F8C6
:107A500038A0D4F83CB0FFF783FCDA4516D1029980
:107A60004046FFF7BBFD2046FFF774FA00F0E2FB4B
:107A700088B94EF60450CEF200004FF080510160FC
:107A8000BFF34F8FBFF36F8F05E000BF2046FFF7B6
:107A900061FA00F0CFFBFFF73FFCA06B022D04D092
:107AA000E16B88424FF00000AAD2A76B226C22B390
:107AB000C5B3E0683146F8F75DFBE168206C2268E9
:107AC000091A9142E16003D2616840420844E060D3
:107AD000A81EB0FA80F040093946002F18BF0121D6
:107AE00008403F1A2BE04FF0500080F31188BFF39D
:107AF0006F8FBFF34F8F00BFFEE720680025F8B9F6
:107B0000606800F005FB6560054619E0FFF728FC9A
:107B100004E02046FFF71EFA00F08CFB002003B0C3
:107B2000BDE8F08FA0683146F8F724FB216CD4E95A
:107B3000012008449042A06001D32068A060002585
:107B4000781CA06354F8240F78B1204600F02AFB7B
:107B5000B8B14EF60450CEF200004FF080510160F3
:107B6000BFF34F8FBFF36F8F0BE055B14EF604504C
:107B7000CEF200004FF080510160BFF34F8FBFF392
:107B80006F8FFFF7EDFB012003B0BDE8F08F000021
:107B90002DE9F04F85B0049298B10C4605460029B6
:107BA00000F0B78000F0E2F9A8B9049898B14FF05E
:107BB000500080F31188BFF36F8FBFF34F8F00BF6A
:107BC000FEE74FF0500080F31188BFF36F8FBFF3D3
:107BD0004F8F00BFFEE705F11000019005F1240072
:107BE00000900DF108090DF1100A4FF000080CE0AB
:107BF0002846FFF7AFF900F01DFBFFF78DFBAF6BD9
:107C0000FFF7AEFB002F00F09280FFF785FBD5F861
:107C100038B0BBF1000F27D02A6C5AB1E868696808
:107C20001044E860884224BF2868E860E96820467C
:107C3000F8F7A0FAABF10100A863286970B10198C8
:107C400000F0B0FA50B14EF60450CEF200004FF002
:107C500080510160BFF34F8FBFF36F8FFFF780FB41
:107C600000200126A0B963E0049850B1B8F1000FDC
:107C700002D14846FFF794FC4FF00108012038B9C3
:107C800056E0FFF76DFB00260020002850D000BF13
:107C9000FFF766FBFFF740FDFFF73EFB95F844005A
:107CA000FF2804BF002085F8440095F84500FF2810
:107CB00004BF002085F84500FFF752FB48465146B7
:107CC00000F03AF800287FF493AFFFF725FBAF6B85
:107CD000FFF746FB2FB12846FFF73CF900F0AAFA60
:107CE00093E704990098FFF779FC2846FFF732F9EB
:107CF00000F0A0FA00287FF488AF4EF60450CEF2D0
:107D000000004FF080510160BFF34F8FBFF36F8FC2
:107D10007BE7286C00283FF445AF4FF0500080F31C
:107D20001188BFF36F8FBFF34F8F00BFFEE70026B0
:107D3000304605B0BDE8F08F70B5D8B10D4611B32F
:107D40000446FFF7E9FA48F2205EC2F2000EDEF8C0
:107D5000002029684B1C20D048F2944CC2F2000C41
:107D6000D4E90003DCF80060864218D09A4216D3AA
:107D7000012424E04FF0500080F31188BFF36F8F8F
:107D8000BFF34F8FFEE74FF0500080F31188BFF331
:107D90006F8FBFF34F8F00BFFEE700240FE0D21AB2
:107DA000914209D9881A2860DCF800002060DEF8CA
:107DB00000006060002402E0002001242860FFF73A
:107DC000CFFA204670BD00002DE9F04F81B04FEA98
:107DD000820A80465046994614460F46FFF7F4F84B
:107DE00078B105466020FFF7EFF838B10646056325
:107DF00056B94FF0FF3001B0BDE8F08F2846FFF7CD
:107E0000C7FA0026002EF4D0306BCDF80080DDF8E4
:107E100028B04FF000085146A52286F85D80F8F79B
:107E2000BBF9306B746400EB8400043820F0070564
:107E300017F8080006EB080181F8340017F808006D
:107E400020B1B8F10F0F08F10108F1D10024301D65
:107E500086F84340BBF1370F28BF4FF0370BC6F809
:107E60002CB0C6E914B4FFF727FA06F11800FFF7A3
:107E700023FACBF138003661B0617662B46586F8DA
:107E80005C40009928464A46FFF77AF90B99306022
:107E90003046002918BF0E60FEF758FD012001B0E2
:107EA000BDE8F08F2DE9F04381B01746099A002A0A
:107EB00048D00A9D002D4ED081465C2000900220C3
:107EC0000C46089E2A6385F85D00B9001046A5227D
:107ED0009846F8F761F9286B00216F64625C6B18B3
:107EE00083F83420625C1AB10F2901F10101F5D148
:107EF00000EB8700043820F007040027281D85F8D0
:107F00004370372E28BF3726EE62C5E91467FFF7A6
:107F1000D3F905F11800FFF7CFF9C6F13800A861D1
:107F20002046494642462D616D62AF6585F85C701A
:107F3000FFF726F928602846FEF708FD284601B01D
:107F4000BDE8F0834FF0500080F31188BFF36F8FCE
:107F5000BFF34F8FFEE74FF0500080F31188BFF35F
:107F60006F8FBFF34F8F00BFFEE7000048F2EC4079
:107F7000C2F200000068002804BF0120704748F2E8
:107F80002440C2F200000068B0FA80F040094000CE
:107F90007047000048F22050C2F2000000687047AD
:107FA0002DE9F04F81B048F22440C2F20000006891
:107FB00040B148F22040C2F20000016800240131C3
:107FC000016098E048F22050C2F2000001684E1CA7
:107FD00006602ED346F22430C2F200000168096820
:107FE00049B14FF0500080F31188BFF36F8FBFF39A
:107FF0004F8F00BFFEE746F22C32C2F2000201684A
:1080000013680360116048F29441C2F200010A68EB
:1080100001320A600168096821B10068C068C0685F
:10802000406801E04FF0FF3048F29041C2F2000199
:10803000086048F29041C2F20001086846F21C3A1A
:1080400046F234388642C2F2000AC2F2000801D277
:10805000002446E046F22437C2F2000738680024C4
:108060000068A0B348F22C4BC2F2000B1AE000BF2C
:10807000D9F82C00DBF80010884288BFCBF800004C
:1080800000EB800008EB80002946FFF737F9D9F8AC
:108090002C00DAF80010C96A3A68884228BF012427
:1080A0001068B8B13868C068D0F80C904D4655F8E3
:1080B000040F864210D32846FFF7C2F8D9F82800EB
:1080C0000028D5D009F11800FFF7BAF8D0E74FF033
:1080D000FF3005E04FF0FF3048F29041C2F200015E
:1080E0000860DAF80000C06A00EB800058F8200051
:1080F000012888BF012448F22C50C2F20000006819
:10810000002818BF0124204601B0BDE8F08F000010
:10811000B0B580B1044646F21C30C2F200000068DF
:10812000A0420AD04FF0500080F31188BFF36F8F48
:10813000BFF34F8FFEE70020B0BD606D38B3411E26
:10814000E06A226D616590424FF0000008BFB0BD4B
:10815000E1B9251D2846FFF773F8206DC0F13801FD
:10816000A16148F22C41E062C2F200010A6890422B
:1081700088BF086046F2343100EB8000C2F2000193
:1081800001EB80002946FFF7B9F80120B0BD4FF0A0
:10819000500080F31188BFF36F8FBFF34F8F00BF84
:1081A000FEE70000B0B5C068C5687DB105F11804F0
:1081B0002046FFF745F848F22440C2F2000000686C
:1081C00068B148F29840C2F200001DE04FF0500044
:1081D00080F31188BFF36F8FBFF34F8FFEE72C1D25
:1081E0002046FFF72DF848F22C41C2F20001E86A60
:1081F0000A68904288BF086046F2343100EB800084
:10820000C2F2000101EB80002146FFF777F846F249
:108210001C31C2F20001E86A0968C96A884291BF4C
:10822000002048F22C51C2F20001012088BF0860F2
:10823000B0BD00002DE9F04F81B048F22444C2F2F5
:108240000004206868B1FFF767F8206801382060F3
:10825000206880B10024FFF783F8204601B0BDE814
:10826000F08F4FF0500080F31188BFF36F8FBFF392
:108270004F8F00BFFEE748F21840C2F200000068CE
:10828000002847D048F29846C2F20006306848F20B
:108290002C580028C2F2000845D048F22C4746F27C
:1082A000343946F21C3BC2F20007C2F20009C2F2A6
:1082B000000B4FF0010A00BFF068C56805F1180017
:1082C000FEF7BEFF2C1D2046FEF7BAFFE86A3968AC
:1082D000884288BF386000EB800009EB80002146AF
:1082E000FFF70CF8E86ADBF80010C96A884228BF7B
:1082F000C8F800A030680028DED1A5B146F22430CD
:10830000C2F200000168096831B10068C068C06845
:10831000406803E000249EE74FF0FF3048F29041B0
:10832000C2F20001086048F22044C2F2000425684D
:1083300055B10126FFF734FE002818BFC8F80060C9
:10834000013DF7D100202060D8F8000060B14EF662
:108350000450CEF200004FF080510160BFF34F8F08
:108360000124BFF36F8F76E7002474E780B586B0F1
:10837000FEF77AFB48F22450C2F20000006808B30E
:108380000020CDE9040005A804A903AAFEF778FFA0
:10839000DDE903200221DDF814C0CDE9001046F626
:1083A000BD40C0F600000CA10023CDF808C0FFF7C7
:1083B00079FD48F22851C2F20001086010B1012095
:1083C00006B080BD4FF0500080F31188BFF36F8F6F
:1083D000BFF34F8FFEE700BF546D722053766300EA
:1083E0000FB4054B10B503A9044A029800F02CF80D
:1083F00010BC5DF814FB00003D6300080000002085
:108400000FB4084B10B504A902AA039800F01CF899
:10841000044602A9002000F048FA204610BC5DF88E
:1084200014FB0000AB88000802E008C8121F08C156
:10843000002AFAD170477047002001E001C1121FE5
:10844000002AFBD1704700002DE9FF4F8DB00F4689
:108450000546002606E025280BD0DDE90F129047DF
:108460006D1C761C28780028F5D111B03046BDE887
:10847000F08F0024A246A1460122EC4900E004430B
:1084800015F8013F203B02FA03F00842F7D12878A3
:108490002A2810D06FF02F022878A0F13001092986
:1084A00014D80AEB8A0102EB410144F0020400EB0C
:1084B000010A6D1CF0E701CF5FEA000A03D544F41E
:1084C0000054CAF1000A44F002046D1C28782E28DA
:1084D00017D115F8010F44F004042A280ED06FF0CC
:1084E0002F022878A0F1300109290AD809EB890167
:1084F00002EB410100EB01096D1CF2E757F8049B08
:108500006D1C28786C280FD006DC4C2817D0682802
:108510000DD06A2814D104E0742810D07A280FD125
:108520000DE044F400140AE044F4801401E044F443
:1085300040146978814202D104F580146D1C6D1CD1
:108540002A786E2A1FD00CDC632A31D004DC002A82
:108550008BD0582A11D1A3E0642A68D0692A0CD1A3
:1085600065E0732A2ED004DC6F2A73D0702A04D100
:108570009BE0752A6FD0782A6ED01046DDE90F1285
:108580009047761C50E1C4F30250022806D003281D
:1085900009D0042801CF09D0066045E101CFF117C9
:1085A000C0E9006140E101CF06803DE106703BE19A
:1085B00017F8040B8DF8000000208DF80100EB4641
:1085C000012003E057F804BB4FF0FF3061074FF084
:1085D000000102D40DE008F10101884649450FDA97
:1085E0008045F8DB1BF808100029F4D108E008F1F9
:1085F000010188468142FADB1BF808100029F6D1F8
:10860000DDE90F23AAEB08008146214600F036F988
:10861000304400EB080604E0DDE90F121BF8010B03
:108620009047B8F10108F7D221464846F7E00A2101
:10863000C4F302534FF0000B0891022B04D001CF7A
:10864000C117032B09D00AE0FF1D27F00707F7E841
:10865000020108E032E01FE020E000B2C117042B65
:1086600001D140B2C117031E71F1000307DA4FF0C8
:10867000000CD0EB0C006CEB01012D2302E0230574
:1086800004D52B238DF82430012303E0E30701D028
:108690002023F7E7984658E00A2110E010210EE069
:1086A00010204FF0000B08900CE010214FF0000B51
:1086B00044F004044FF00809089103E008214FF04A
:1086C000000B0891C4F30253022B04D001CF002108
:1086D000032B06D006E0FF1D27F00707F7E802018D
:1086E00003E080B2042B00D1C0B24FF00008230792
:1086F0002BD5702A07D0DDF820C08CF0100C5CEA76
:108700000B0C05D00EE040238DF82430012308E047
:1087100050EA010306D030238DF824308DF825204F
:1087200002239846DDF820C08CF0080C5CEA0B0CA4
:108730000BD150EA010301D1630706D530238DF830
:1087400024304FF00108A9F10109582A04D038A2B9
:108750000B9208AA0A920BE03AA2F9E75B46089A44
:10876000F7F74DFD0B9B9B5C0A9A521E0A92137001
:1087700050EA0102F2D10A98ADEB000000F1200BA3
:10878000600702D524F4803401E04FF00109D94597
:1087900002DDA9EB0B0000E0002000EB0B014144DF
:1087A0000890AAEB010AE00306D4DDE90F23214675
:1087B000504600F063F806444FF0000908E009A9AC
:1087C00011F80900DDE90F12904709F10109761C43
:1087D000C145F4DBE0030CD5DDE90F23214650460B
:1087E00000F04CF8064404E0DDE90F123020904719
:1087F000761C0899481E08900029F5DC08E00A98C4
:108800000A990078491C0A91DDE90F129047761CFD
:10881000BBF10001ABF1010BF1DC21465046DDE973
:108820000F2300F019F806446D1C1BE6092801000F
:1088300030313233343536373839616263646566D6
:108840000000000030313233343536373839414298
:1088500043444546000000002DE9F0410446002550
:108860001E461746880404D405E039462020B04748
:108870006D1C641EF9D52846BDE8F0812DE9F04154
:10888000044600251E469046C80301D5302700E067
:108890002027880404D505E041463846B0476D1CC2
:1088A000641EF9D52846BDE8F0810A68531C0B60A8
:1088B00010707047F0B50B30154D20F00701002403
:1088C000144A0FE003688B420BD38B4205D95E1A22
:1088D00043184768C3E9006700E04368136002C0BB
:1088E00004E0021D10680028ECD12046002802D1C7
:1088F000286808B10020F0BD064A07481060074A02
:10890000121A22F00702C0E9002401202860D7E7EC
:10891000080000200400002034850020309500204D
:108920000149FDF70BBD00000000002010B5044612
:1089300001E0FDF703FD14F8010B04490028F8D10C
:10894000BDE810400A20FDF7F9BC0000000000203F
:1089500000000000000000000102030406070809EF
:1089600000000000010203040100010140000000BA
:10897000805D002080610020006200200000000077
:1089800001020000E08A0008000000000000000072
:1089900000000000000000000002000018000000BD
:1089A0000000000000000000E88A0008000000004D
:1089B00000000000000000000000000000020000B5
:1089C000180000000000000000000000C53F000883
:1089D000714000083D40000895400008E93F00084C
:1089E00002030405060708090A0B0C0D0E0F1010F0
:1089F000148A0008000000000000000000000000D1
:108A00000000000000080000180000000000000046
:108A10000000000064656661756C745461736B00DE
:108A200031323334353637383941393837363534E1
:108A30003332313030303030303030303030303030
:108A40003030303030303030303030303000303056
:108A500030303030303030303031323334353637FA
:108A600038394139383736353433323130303030B7
:108A70003030303030303030303030003030303026
:108A800030303030303030303030303030303030E6
:108A9000303031323334353637383941393837367A
:108AA00035343332313030303000313537414141A7
:108AB0004141414141393837363534333231300064
:108AC000573000573100573200312E30004B455996
:108AD00031004B455932005055534800434357002D
:108AE0004B65795461736B004C65645461736B0022
:108AF0000D002825732920686173206173736572E6
:108B000074206661696C65642061742025732E0091
:108B10003D3D3D3D3D3D3D3D3D3D3D3D3D3D3D3D85
:108B20003D3D3D3D3D3D3D3D3D20BCC4B4E6C6F729
:108B3000D0C5CFA2203D3D3D3D3D3D3D3D3D3D3D70
:108B40003D3D3D3D3D3D3D3D3D3D3D3D3D3D006966
:108B50006E69745F6F6B00B9CCBCFEC3FBB3C6A378
:108B6000BA2573A3ACD3B2BCFEB0E6B1BEBAC5A3FE
:108B7000BA2573A3ACC8EDBCFEB0E6B1BEBAC5A3BE
:108B8000BA257300636D5F6261636B7472616365C4
:108B90005F6661756C7400202025733A202530389B
:108BA00078202025733A2025303878202025733A04
:108BB0002025303878202025733A20253038780059
:108BC000B7A2C9FAD7DCCFDFB4EDCEF3B5C4B5D8C0
:108BD000D6B7A3BA2530387800B7A2C9FAB4E6B43C
:108BE000A2C6F7B9DCC0EDB4EDCEF3B5C4B5D8D6A6
:108BF000B7A3BA2530387800B7A2C9FAD3C3B7A84B
:108C0000B4EDCEF3A3ACD4ADD2F2A3BACAD4CDBCEA
:108C1000C7D0BBBBB5BD2041524D20D7B4CCAC00B2
:108C2000B7A2C9FAD3C3B7A8B4EDCEF3A3ACD4AD01
:108C3000D2F2A3BAC6F3CDBCD6B4D0D0B7C7B6D49F
:108C4000C6EBB7C3CECA00B7A2C9FAB4E6B4A2C68F
:108C5000F7B9DCC0EDB4EDCEF3A3ACD4ADD2F2A342
:108C6000BAC6F3CDBCB4D3B2BBD4CAD0EDB7C3CE71
:108C7000CAB5C4C7F8D3F2B6C1A1A2D0B4CAFDBE6A
:108C8000DD00B7A2C9FAB5F7CAD4B4EDCEF3A3ACF0
:108C9000D4ADD2F2A3BACAFDBEDDBCE0B2E2B5E308
:108CA000C6A5C5E400B7A2C9FAD3C3B7A8B4EDCE30
:108CB000F3A3ACD4ADD2F2A3BACEDED0A7B5C4D262
:108CC000ECB3A3B7B5BBD8C2EB00B7A2C9FAD3B215
:108CD000B4EDCEF3A3ACD4ADD2F2A3BAC8A1D6D032
:108CE000B6CFCFF2C1BFCAB1B3F6B4ED00B7A2C9D7
:108CF000FAB5F7CAD4B4EDCEF3A3ACD4ADD2F2A397
:108D0000BAD6B4D0D020424B505420D6B8C1EE00D1
:108D1000B7A2C9FAB4E6B4A2C6F7B9DCC0EDB4EDA7
:108D2000CEF3A3ACD4ADD2F2A3BAC6F3CDBCB4D3C8
:108D3000B2BBD4CAD0EDB7C3CECAB5C4C7F8D3F25C
:108D4000C8A1D6B8C1EE00B7A2C9FAD3C3B7A8B4B8
:108D5000EDCEF3A3ACD4ADD2F2A3BAC6F3CDBCD65C
:108D6000B4D0D0CEB4B6A8D2E5D6B8C1EE00B7A282
:108D7000C9FAD3C3B7A8B4EDCEF3A3ACD4ADD2F245
:108D8000A3BAC6F3CDBCD6B4D0D0D0ADB4A6C0ED96
:108D9000C6F7D6B8C1EE00B7A2C9FAB5F7CAD4B4BF
:108DA000EDCEF3A3ACD4ADD2F2A3BAB7A2C9FACF39
:108DB000F2C1BFB2B6BBF100B7A2C9FAB4E6B4A221
:108DC000C6F7B9DCC0EDB4EDCEF3A3ACD4ADD2F2AE
:108DD000A3BAC8EBD5BBCAB1C6F3CDBCB7C3CECA24
:108DE000B2BBB1BBD4CAD0EDB5C4C7F8D3F200B79B
:108DF000A2C9FAB4E6B4A2C6F7B9DCC0EDB4EDCEB0
:108E0000F3A3ACD4ADD2F2A3BAB3F6D5BBCAB1C604
:108E1000F3CDBCB7C3CECAB2BBB1BBD4CAD0EDB5DB
:108E2000C4C7F8D3F200B7A2C9FAB5F7CAD4B4EDF3
:108E3000CEF3A3ACD4ADD2F2A3BACDE2B2BFB5F7B4
:108E4000CAD4C7EBC7F300B7A2C9FAB5F7CAD4B4FE
:108E5000EDCEF3A3ACD4ADD2F2A3BA4E5649432023
:108E6000CDA3BBFAC7EBC7F300B7A2C9FAD7DCCFD3
:108E7000DFB4EDCEF3A3ACD4ADD2F2A3BABEABC88F
:108E8000B7B5C4CAFDBEDDD7DCCFDFB4EDCEF3008D
:108E9000B7A2C9FAD7DCCFDFB4EDCEF3A3ACD4AD23
:108EA000D2F2A3BAB2BBBEABC8B7B5C4CAFDBEDD71
:108EB000D7DCCFDFB4EDCEF300B7A2C9FAD7DCCF51
:108EC000DFB4EDCEF3A3ACD4ADD2F2A3BAD6B8C121
:108ED000EED7DCCFDFB4EDCEF300B7A2C9FAD7DC12
:108EE000CFDFB4EDCEF3A3ACD4ADD2F2A3BAC8EBCE
:108EF000D5BBCAB1B7A2C9FAB4EDCEF300B7A2C9C7
:108F0000FAD7DCCFDFB4EDCEF3A3ACD4ADD2F2A36D
:108F1000BAB3F6D5BBCAB1B7A2C9FAB4EDCEF30065
:108F2000B7A2C9FAD3C3B7A8B4EDCEF3A3ACD4ADFE
:108F3000D2F2A3BAC6F3CDBCD6B4D0D0B3FD2030A4
:108F400020B2D9D7F7000000808F00080000002071
:108F500040100000C2020008C0900008401000202D
:108F6000F0940000388400080000000000000000B9
:108F700000000000000000000000000000000000F1
:108F8000C142011324F413DC8A2308349220220402
:108F900013ED3582081405011E1232120A0A11DD82
:108FA000289AFD280A11CD208B0D36200A11D220D7
:108FB0009A1D200A11D7209A2D201AC0201AD820D5
:108FC000B2055A3D2002FF30120104FD4130410834
:108FD00017170204313233343536373839413938CE
:108FE00037363534333231300101D3000DF60A04FF
:108FF0003132333435363738394104FF02043041D9
:1090000013C38A12081206B320051B4D3614310211
:10901000FF30120104FD4141308C020430019814EC
:1090200031323334353637383941393837363534DB
:109030003332311E290101D38B0A04F701F604FFF4
:109040000204304113C68A1408280BB32005135DAF
:1090500036420802FF30120104FD3041410C130278
:109060000430012814313233343536373839413938
:1090700038373635343332311701D38B0A04EC01DB
:10908000F604FF02043021120132101AAA01410035
:1090900000000000000000000000000000000000D0
:1090A00000000000000000000000000000000000C0
:1090B00000000000000000000000000000000000B0
:0400000508000131BD
:00000001FF
